-0.00,-0.00,1.10,-0.00,-0.00
-0.00,-0.00,1.10,-0.00,-0.00
-0.00,-0.00,1.10,-0.00,-0.00
-0.00,-0.00,1.10,-0.00,-0.00
-0.00,-0.00,1.10,-0.00,-0.00
-0.00,-0.00,1.10,-0.00,-0.00
-0.00,-0.00,1.10,-0.00,-0.00
-0.00,-0.00,1.10,-0.00,-0.00
-0.00,-0.00,1.10,-0.00,-0.00
-0.00,-0.00,1.10,-0.00,-0.00
-0.00,-0.00,1.10,-0.00,-0.00
-0.00,-0.00,1.10,-0.00,-0.00
-0.00,-0.00,1.10,-0.00,-0.00
-0.00,-0.00,1.10,-0.00,-0.00
-0.00,-0.00,1.10,-0.00,-0.00
-0.00,-0.00,1.10,-0.00,-0.00
-0.00,-0.00,1.10,-0.00,-0.00
-0.00,-0.00,1.10,-0.00,-0.00
-0.00,-0.00,1.10,-0.00,-0.00
-0.00,-0.00,1.10,-0.00,-0.00
-0.00,-0.00,1.10,-0.00,-0.00
0.07,0.07,1.21,-0.00,-0.00
5.59,5.59,9.35,9.63,1.94
8.16,8.16,13.47,13.94,4.13
8.27,8.27,11.73,8.39,2.32
4.74,4.74,9.03,4.48,2.74
5.31,5.31,10.13,7.53,5.34
9.12,9.12,17.51,12.14,6.84
7.21,7.21,14.02,9.73,4.18
6.44,6.44,9.89,7.80,4.81
9.22,9.22,15.87,12.16,4.91
7.56,7.56,11.66,6.04,4.00
7.52,7.52,16.03,16.10,3.70
11.08,11.08,16.48,16.11,2.13
10.82,10.82,17.16,17.08,2.71
11.50,11.50,18.28,19.00,4.25
10.71,10.71,12.34,10.11,3.59
16.25,16.25,17.62,16.24,3.98
20.23,20.23,16.15,4.56,6.79
44.90,44.90,30.50,15.52,15.22
63.37,63.37,40.59,17.29,18.12
67.37,67.37,47.96,13.48,22.25
70.02,70.02,49.34,15.30,24.33
67.77,67.77,40.55,23.13,25.77
68.64,68.64,32.88,24.09,30.47
77.06,77.06,36.85,24.97,28.69
79.13,79.13,37.23,15.12,25.12
78.83,78.83,41.03,19.88,31.25
78.68,78.68,38.30,20.49,33.35
78.76,78.76,33.37,22.02,37.10
78.13,78.13,29.97,23.14,40.67
78.66,78.66,29.61,23.57,40.85
76.83,76.83,32.17,26.15,33.33
74.76,74.76,36.41,22.12,35.31
72.18,72.18,32.81,23.72,35.17
64.25,64.25,28.57,17.63,33.68
67.19,67.19,26.17,19.02,33.49
76.65,76.65,31.27,17.03,34.31
78.67,78.67,39.19,22.09,40.65
79.11,79.11,41.31,16.79,42.79
79.24,79.24,39.99,16.00,40.21
79.48,79.48,37.27,23.64,40.26
78.75,78.75,33.11,26.33,41.31
76.43,76.43,30.09,27.14,42.12
78.06,78.06,23.66,23.53,44.45
80.47,80.47,22.87,17.60,47.55
79.59,79.59,26.41,18.29,47.01
79.47,79.47,31.32,20.50,46.44
79.00,79.00,33.74,15.09,45.82
79.60,79.60,32.60,14.76,46.46
78.37,78.37,32.17,12.46,46.98
78.81,78.81,31.60,17.26,46.66
80.94,80.94,28.42,21.60,43.00
78.40,78.40,27.25,23.74,39.71
67.61,67.61,30.39,33.97,43.96
66.39,66.39,33.92,26.82,44.10
69.74,69.74,33.45,25.93,46.65
68.96,68.96,32.07,24.83,47.22
69.12,69.12,31.85,25.33,46.03
72.53,72.53,30.68,22.78,43.08
74.30,74.30,32.49,21.89,42.86
74.85,74.85,36.03,21.64,43.57
75.92,75.92,36.12,26.59,43.90
75.72,75.72,37.75,26.35,48.75
75.70,75.70,35.14,24.37,47.16
73.68,73.68,35.98,24.54,48.31
71.74,71.74,38.24,25.07,49.34
71.90,71.90,43.34,23.32,52.79
72.66,72.66,54.49,24.93,57.13
74.83,74.83,61.72,34.95,61.72
76.95,76.95,56.43,27.52,54.25
78.26,78.26,45.70,21.51,53.41
78.19,78.19,41.51,20.78,54.02
77.22,77.22,39.38,21.51,51.97
76.69,76.69,38.59,22.91,51.37
74.56,74.56,37.40,25.77,52.47
71.74,71.74,36.87,25.47,54.76
72.96,72.96,40.95,18.50,58.08
74.10,74.10,43.46,23.04,61.92
74.79,74.79,51.65,31.98,61.32
73.21,73.21,55.13,36.25,68.90
74.35,74.35,47.85,29.70,68.94
74.15,74.15,43.01,28.94,68.60
73.93,73.93,41.60,30.05,66.44
70.35,70.35,40.72,23.57,65.52
69.52,69.52,40.42,28.40,64.72
67.87,67.87,40.59,32.12,65.32
64.25,64.25,41.75,31.93,61.11
59.85,59.85,43.94,28.84,64.50
61.32,61.32,46.63,32.89,60.35
60.38,60.38,51.48,36.54,59.98
55.39,55.39,64.23,31.58,58.03
53.56,53.56,52.31,30.17,58.03
54.56,54.56,45.51,33.75,55.29
55.41,55.41,43.27,34.42,56.77
55.23,55.23,43.50,33.64,53.80
55.41,55.41,41.95,33.99,53.83
53.44,53.44,45.36,30.48,53.44
50.24,50.24,41.14,32.36,54.66
49.77,49.77,40.02,28.23,55.99
46.69,46.69,38.92,27.65,54.44
43.42,43.42,45.24,24.60,53.84
41.60,41.60,56.78,35.89,70.55
45.07,45.07,44.95,31.60,70.65
44.01,44.01,38.93,32.18,70.58
42.20,42.20,32.94,31.22,69.19
39.92,39.92,31.84,30.64,67.39
41.51,41.51,33.39,27.89,67.12
41.53,41.53,35.37,25.47,66.72
44.74,44.74,40.61,26.76,64.95
46.55,46.55,41.40,26.95,64.39
43.21,43.21,45.69,26.70,60.96
40.70,40.70,49.65,27.54,62.00
43.84,43.84,64.90,42.97,59.33
40.29,40.29,51.20,44.41,58.91
39.54,39.54,44.15,32.78,58.18
40.86,40.86,42.36,31.79,57.47
41.38,41.38,46.27,31.87,56.98
43.01,43.01,46.78,30.40,55.50
41.15,41.15,50.08,27.77,53.93
44.32,44.32,44.45,27.34,53.97
47.99,47.99,39.95,28.80,53.78
42.54,42.54,39.36,25.55,53.38
32.67,32.67,41.83,26.31,54.37
24.25,24.25,52.40,37.75,67.03
17.61,17.61,45.41,35.29,70.05
21.33,21.33,35.04,28.47,70.47
26.45,26.45,31.07,19.17,69.74
30.11,30.11,28.69,19.88,68.86
26.87,26.87,30.23,18.21,67.29
35.43,35.43,34.94,22.43,67.38
34.95,34.95,37.17,19.32,65.38
35.47,35.47,39.16,17.66,63.63
25.14,25.14,43.44,19.33,62.10
17.91,17.91,46.91,29.73,61.67
22.26,22.26,62.51,38.23,58.88
27.39,27.39,61.30,38.71,59.50
28.03,28.03,50.28,30.66,56.71
26.80,26.80,46.62,29.85,57.53
30.05,30.05,45.70,31.57,55.88
36.99,36.99,50.04,31.11,54.23
34.56,34.56,53.88,32.09,53.15
39.35,39.35,51.36,30.49,55.25
35.65,35.65,45.17,26.52,53.50
29.07,29.07,41.23,24.34,49.34
20.26,20.26,41.45,23.09,50.16
14.78,14.78,52.45,32.97,61.88
12.47,12.47,48.14,34.13,70.24
16.73,16.73,40.81,22.05,70.83
21.91,21.91,34.96,20.54,71.28
22.59,22.59,31.25,17.06,70.18
20.20,20.20,32.43,16.25,68.08
23.89,23.89,35.02,18.07,67.02
24.03,24.03,36.94,19.31,64.01
23.07,23.07,40.84,15.52,63.58
13.71,13.71,42.72,19.54,59.16
10.79,10.79,45.89,21.12,59.52
11.95,11.95,56.07,31.93,58.23
19.35,19.35,60.51,39.15,58.26
18.62,18.62,49.72,32.43,56.03
18.85,18.85,44.18,28.63,55.03
22.41,22.41,42.27,28.56,55.13
33.74,33.74,42.57,29.22,55.49
32.12,32.12,45.56,30.46,57.34
35.25,35.25,45.52,30.30,58.43
30.79,30.79,40.84,27.21,55.74
23.95,23.95,38.19,22.44,52.03
15.31,15.31,39.25,19.45,50.29
12.52,12.52,53.86,29.33,58.99
13.86,13.86,52.30,37.83,69.88
10.06,10.06,43.00,28.44,69.82
15.38,15.38,33.50,23.86,69.88
18.62,18.62,31.73,20.72,68.72
20.90,20.90,29.96,16.68,66.96
23.61,23.61,32.95,17.52,64.05
23.53,23.53,33.25,20.79,63.86
22.80,22.80,37.82,17.56,62.79
15.29,15.29,42.06,24.13,58.76
12.67,12.67,47.72,22.78,56.85
22.50,22.50,59.19,30.78,54.30
18.40,18.40,59.40,29.71,51.71
17.09,17.09,46.85,30.77,46.41
25.75,25.75,43.94,31.21,51.88
31.07,31.07,42.21,30.47,50.95
37.61,37.61,42.57,30.13,53.68
40.93,40.93,45.07,28.84,52.72
34.40,34.40,43.64,27.95,51.22
33.03,33.03,40.30,27.75,51.16
31.57,31.57,41.26,25.26,52.10
33.84,33.84,43.00,23.92,50.89
40.92,40.92,53.95,36.31,57.68
47.06,47.06,50.18,41.31,69.70
68.16,68.16,48.24,26.28,70.91
77.25,77.25,45.49,23.64,70.42
75.92,75.92,40.63,24.02,70.34
78.95,78.95,34.08,29.33,69.69
79.22,79.22,34.49,27.38,68.44
79.13,79.13,34.29,27.62,66.97
78.19,78.19,37.73,18.68,64.68
76.85,76.85,42.24,15.92,60.34
76.05,76.05,46.17,24.82,58.75
76.56,76.56,56.60,33.31,58.66
79.14,79.14,60.99,43.99,58.82
76.33,76.33,56.25,40.80,59.26
76.90,76.90,49.40,33.63,62.86
75.87,75.87,42.42,35.57,62.59
76.23,76.23,38.41,27.46,65.66
78.68,78.68,37.83,29.05,65.45
76.38,76.38,37.51,27.24,64.31
74.71,74.71,40.83,27.19,60.39
74.52,74.52,38.85,24.96,60.36
75.20,75.20,37.85,24.99,62.05
71.50,71.50,45.02,30.12,63.70
68.07,68.07,40.43,30.17,65.98
77.43,77.43,36.22,22.10,64.50
76.33,76.33,36.12,22.21,59.43
73.61,73.61,36.19,21.35,60.33
72.79,72.79,34.54,22.21,58.48
73.75,73.75,36.44,20.83,55.90
73.06,73.06,39.25,20.54,56.57
73.21,73.21,36.64,22.11,55.69
68.32,68.32,39.58,24.75,58.05
68.26,68.26,46.99,24.08,61.24
75.21,75.21,58.29,30.89,58.40
74.43,74.43,66.62,37.28,60.11
74.58,74.58,61.47,31.90,58.83
74.66,74.66,59.62,31.88,57.83
75.16,75.16,55.20,23.99,59.47
75.03,75.03,51.16,23.11,56.59
74.04,74.04,44.58,24.55,56.55
66.96,66.96,42.46,25.97,59.67
66.83,66.83,39.59,22.36,60.54
67.03,67.03,40.73,26.43,60.78
69.27,69.27,43.13,27.19,60.53
66.18,66.18,52.30,28.55,60.33
61.79,61.79,51.30,39.65,69.80
70.92,70.92,46.17,30.42,69.43
76.13,76.13,43.10,23.89,70.35
75.21,75.21,41.02,22.33,68.92
76.17,76.17,39.40,20.59,68.12
77.35,77.35,39.31,22.64,67.74
78.16,78.16,40.97,27.01,65.23
77.78,77.78,41.48,25.99,64.05
77.89,77.89,41.92,22.85,61.23
78.12,78.12,47.73,19.16,61.57
78.47,78.47,54.46,23.95,60.03
76.44,76.44,58.51,34.00,60.58
76.24,76.24,59.64,30.36,62.26
76.48,76.48,50.61,19.36,59.63
75.75,75.75,45.76,20.67,56.12
75.67,75.67,45.89,20.43,56.93
75.90,75.90,44.96,22.64,57.31
75.09,75.09,45.01,23.83,56.62
72.89,72.89,43.29,21.93,56.00
73.67,73.67,43.02,20.12,56.98
74.17,74.17,47.23,17.09,56.80
73.36,73.36,50.17,21.79,55.15
73.59,73.59,57.36,36.94,68.16
74.45,74.45,49.58,29.27,68.69
72.35,72.35,46.16,19.94,68.91
71.72,71.72,41.02,25.03,67.68
72.86,72.86,38.55,24.60,64.75
74.71,74.71,38.71,22.82,63.73
72.24,72.24,37.64,24.25,63.93
66.51,66.51,38.81,24.66,61.99
64.18,64.18,42.05,23.30,61.02
60.17,60.17,46.19,17.98,58.24
58.20,58.20,53.08,23.36,60.24
54.57,54.57,64.17,29.26,61.08
55.75,55.75,55.37,32.20,58.81
53.13,53.13,49.87,34.07,55.95
53.13,53.13,46.34,29.04,57.63
56.94,56.94,43.62,28.55,56.81
56.18,56.18,44.14,29.04,56.05
52.49,52.49,45.17,28.56,56.05
47.37,47.37,42.04,28.99,54.96
48.90,48.90,38.14,28.70,52.05
44.92,44.92,39.03,26.58,52.04
48.87,48.87,41.50,28.22,55.75
44.32,44.32,54.39,41.50,64.63
46.31,46.31,48.41,42.34,69.17
46.43,46.43,41.10,30.20,70.11
44.08,44.08,36.69,30.61,68.91
46.87,46.87,33.34,30.38,66.95
47.52,47.52,31.67,28.03,65.65
52.80,52.80,36.00,29.45,64.34
54.61,54.61,40.02,27.39,64.57
54.72,54.72,45.91,20.25,64.38
54.43,54.43,51.45,19.22,61.16
53.84,53.84,50.97,26.19,59.95
54.87,54.87,63.49,41.24,60.98
52.78,52.78,50.59,44.81,57.22
51.41,51.41,45.57,37.30,56.40
50.77,50.77,43.36,33.88,52.35
46.55,46.55,44.35,36.75,51.21
45.28,45.28,46.77,34.56,50.37
44.91,44.91,51.16,34.24,51.89
43.13,43.13,47.26,29.84,53.63
40.85,40.85,43.60,29.89,53.52
35.76,35.76,41.27,28.67,54.20
32.16,32.16,39.67,24.06,53.98
29.93,29.93,50.72,33.54,63.23
33.85,33.85,45.05,33.20,69.26
37.38,37.38,37.69,29.59,69.68
35.11,35.11,31.31,23.84,69.63
31.10,31.10,26.55,25.70,68.90
31.73,31.73,26.29,25.52,68.49
33.45,33.45,29.32,27.45,65.82
36.95,36.95,34.12,23.29,65.10
39.96,39.96,36.68,22.00,60.69
41.07,41.07,43.61,21.98,60.14
39.55,39.55,49.10,25.77,59.13
32.54,32.54,61.97,36.17,57.65
38.97,38.97,63.01,41.03,57.93
41.89,41.89,51.47,30.73,53.44
42.10,42.10,48.73,35.74,49.70
40.44,40.44,47.80,36.44,50.64
39.30,39.30,48.63,35.71,48.47
34.95,34.95,51.83,35.25,49.34
36.76,36.76,51.77,33.12,52.77
35.66,35.66,46.20,29.26,50.36
31.16,31.16,42.91,26.68,50.34
28.42,28.42,43.11,25.89,51.03
25.72,25.72,53.38,26.74,59.83
26.54,26.54,48.21,32.67,70.00
29.75,29.75,43.14,26.52,69.77
30.72,30.72,36.63,27.39,70.56
28.25,28.25,32.99,28.81,68.25
31.48,31.48,32.48,23.70,68.40
33.77,33.77,33.94,23.70,66.79
36.37,36.37,33.95,23.38,64.44
36.59,36.59,37.39,19.04,63.31
38.06,38.06,43.75,22.68,59.11
39.21,39.21,47.71,28.61,57.93
36.25,36.25,58.43,42.64,58.57
38.76,38.76,61.83,43.54,56.54
37.19,37.19,53.33,35.94,56.22
38.14,38.14,48.34,36.73,54.77
38.49,38.49,45.00,40.45,51.83
36.11,36.11,43.91,40.01,47.83
35.71,35.71,47.00,35.39,50.36
36.27,36.27,47.82,33.08,53.12
34.84,34.84,43.81,29.53,52.08
30.43,30.43,42.14,28.50,51.08
21.56,21.56,42.46,25.81,50.92
15.67,15.67,54.75,26.62,60.35
18.42,18.42,53.00,35.73,70.49
23.92,23.92,44.91,28.59,70.34
25.26,25.26,35.97,28.86,69.03
20.10,20.10,31.53,23.65,67.80
20.95,20.95,32.67,22.93,66.70
23.67,23.67,33.50,21.74,65.04
26.00,26.00,35.10,19.22,62.91
25.72,25.72,37.80,20.83,61.78
22.64,22.64,43.02,20.70,61.73
21.98,21.98,48.31,20.56,61.91
24.47,24.47,56.14,30.87,60.45
21.83,21.83,61.73,33.56,56.67
22.23,22.23,48.46,31.61,52.37
26.05,26.05,47.87,34.93,50.44
29.82,29.82,45.25,34.68,52.94
32.22,32.22,44.75,33.99,53.39
33.76,33.76,46.69,35.04,53.21
36.40,36.40,47.00,36.46,51.95
37.39,37.39,42.30,37.77,49.27
35.70,35.70,38.18,37.13,49.40
31.79,31.79,40.46,32.93,47.66
25.01,25.01,56.37,28.34,56.70
21.25,21.25,55.69,32.45,70.28
18.73,18.73,47.40,28.19,70.74
22.85,22.85,40.02,25.86,70.25
26.09,26.09,35.14,25.10,70.66
28.65,28.65,33.60,27.82,69.89
30.74,30.74,33.70,29.19,69.66
34.56,34.56,32.82,24.62,68.16
33.28,33.28,34.92,20.51,66.81
33.35,33.35,44.81,16.85,65.05
40.14,40.14,54.33,21.31,65.23
50.45,50.45,62.53,31.23,63.96
56.32,56.32,64.13,44.13,60.92
72.59,72.59,61.43,42.12,60.18
80.61,80.61,52.84,36.34,58.01
78.13,78.13,53.11,30.32,58.55
75.23,75.23,53.15,25.11,58.98
76.47,76.47,54.18,27.57,60.58
74.36,74.36,55.35,23.31,61.42
74.32,74.32,45.65,28.49,60.02
76.05,76.05,40.88,21.60,60.37
75.97,75.97,41.57,23.62,59.55
74.98,74.98,45.58,29.65,62.56
76.34,76.34,53.31,44.26,65.83
78.77,78.77,51.07,34.60,67.52
78.84,78.84,44.90,23.54,68.70
78.31,78.31,41.24,20.84,67.27
78.18,78.18,39.81,23.63,65.87
78.40,78.40,39.46,20.29,63.86
78.02,78.02,38.88,23.91,64.08
76.92,76.92,38.82,22.15,64.25
78.68,78.68,39.51,26.12,62.17
78.99,78.99,43.83,23.10,60.78
78.98,78.98,55.14,27.34,59.14
77.68,77.68,65.80,29.83,61.48
78.25,78.25,57.70,29.63,60.75
79.00,79.00,55.48,26.92,59.70
77.25,77.25,51.18,28.07,58.55
78.42,78.42,46.18,25.14,54.96
75.23,75.23,42.91,26.58,54.15
65.66,65.66,44.38,30.25,56.10
65.52,65.52,39.52,30.31,57.35
67.42,67.42,39.55,26.74,58.68
68.28,68.28,43.30,25.06,56.50
67.25,67.25,47.73,22.62,57.49
68.02,68.02,57.80,28.48,67.33
77.28,77.28,51.57,25.09,69.04
76.59,76.59,48.33,26.81,68.49
75.78,75.78,40.72,26.10,69.03
75.45,75.45,39.00,18.62,67.83
73.99,73.99,38.02,18.97,64.82
73.38,73.38,40.68,22.09,64.00
69.07,69.07,42.69,23.77,63.46
59.93,59.93,47.68,23.87,62.32
57.17,57.17,51.45,25.14,63.25
56.97,56.97,55.52,21.34,61.21
58.96,58.96,60.66,33.93,62.57
65.99,65.99,61.51,35.30,61.88
72.19,72.19,57.40,34.11,58.16
75.50,75.50,51.53,30.25,58.90
75.19,75.19,44.37,28.19,58.54
76.04,76.04,41.85,30.93,57.99
76.10,76.10,42.76,32.18,57.55
75.10,75.10,39.78,32.72,56.95
72.59,72.59,38.40,30.32,58.09
68.52,68.52,41.64,23.21,58.35
70.19,70.19,44.42,24.67,58.96
68.91,68.91,52.73,33.21,66.49
61.96,61.96,44.33,40.59,68.54
56.46,56.46,38.92,32.40,68.47
59.96,59.96,36.47,26.59,66.98
60.28,60.28,33.78,28.56,65.92
58.37,58.37,33.28,23.11,63.82
55.88,55.88,34.36,26.79,61.34
56.47,56.47,36.77,24.01,58.26
57.44,57.44,38.84,23.37,57.57
57.04,57.04,41.49,27.11,57.16
56.40,56.40,43.52,26.48,55.00
56.37,56.37,59.93,32.26,55.90
52.59,52.59,57.35,29.68,52.63
50.01,50.01,44.31,31.01,50.32
52.77,52.77,43.78,29.97,48.90
53.65,53.65,41.22,30.52,48.79
54.09,54.09,41.79,32.44,49.15
54.96,54.96,44.45,31.29,48.41
54.66,54.66,40.84,26.79,50.61
52.10,52.10,39.01,28.42,51.83
51.07,51.07,38.47,24.58,51.93
45.75,45.75,42.17,25.50,53.61
42.81,42.81,54.52,39.26,63.63
46.41,46.41,46.35,44.63,69.73
46.23,46.23,38.71,36.69,69.19
47.26,47.26,33.31,27.47,70.21
48.09,48.09,29.77,24.38,70.58
49.87,49.87,29.98,26.60,69.23
50.89,50.89,32.03,26.73,66.22
50.64,50.64,35.44,27.60,63.07
52.34,52.34,40.27,24.62,59.09
52.36,52.36,44.61,24.23,54.45
51.84,51.84,48.06,23.66,52.55
52.06,52.06,62.62,39.21,57.27
50.90,50.90,54.63,45.66,52.96
49.34,49.34,49.33,42.19,54.47
47.95,47.95,45.30,36.69,52.16
45.34,45.34,44.67,29.86,50.90
41.00,41.00,44.96,31.30,48.71
40.82,40.82,49.80,32.76,52.06
40.44,40.44,43.80,33.30,48.74
41.68,41.68,38.02,31.58,50.79
40.17,40.17,35.22,29.45,51.79
34.33,34.33,38.92,26.75,54.17
34.48,34.48,52.35,37.46,63.40
38.81,38.81,45.32,47.36,69.57
36.83,36.83,36.52,34.91,70.63
37.96,37.96,31.24,22.72,70.62
36.94,36.94,27.71,25.25,69.02
38.93,38.93,29.06,24.58,68.10
38.78,38.78,34.36,27.17,65.29
40.77,40.77,38.55,27.30,62.25
42.08,42.08,38.26,25.46,61.79
42.92,42.92,41.58,22.73,60.42
43.61,43.61,48.14,25.80,60.94
42.75,42.75,59.21,36.50,58.77
45.38,45.38,63.93,41.38,59.96
42.08,42.08,52.12,36.50,55.60
40.87,40.87,45.30,36.85,52.21
38.90,38.90,45.16,35.32,47.95
34.08,34.08,48.48,33.44,45.61
29.87,29.87,50.52,31.50,49.31
35.70,35.70,53.21,33.33,51.81
32.57,32.57,47.60,34.04,50.42
31.08,31.08,44.63,30.29,51.70
25.38,25.38,42.75,27.43,52.35
25.94,25.94,54.59,35.73,60.29
22.74,22.74,49.33,47.77,69.63
20.05,20.05,45.30,33.89,70.31
19.29,19.29,38.01,26.65,69.32
22.85,22.85,36.91,22.53,67.94
24.15,24.15,35.61,21.41,66.79
27.50,27.50,39.65,23.70,64.35
29.57,29.57,41.97,28.45,64.80
24.99,24.99,42.16,24.04,64.57
21.93,21.93,43.54,22.53,63.60
17.31,17.31,45.03,24.00,63.32
16.43,16.43,53.76,28.99,62.81
13.25,13.25,58.18,39.31,62.92
16.17,16.17,52.75,35.41,57.71
18.88,18.88,43.96,34.56,53.17
22.94,22.94,42.72,30.98,49.50
25.94,25.94,44.59,32.71,49.66
30.26,30.26,48.19,33.56,50.01
32.48,32.48,46.38,35.44,49.74
31.35,31.35,42.45,32.07,48.70
28.57,28.57,39.54,31.85,50.91
22.00,22.00,38.34,26.58,50.73
18.05,18.05,47.29,32.49,58.27
19.14,19.14,48.84,39.57,69.23
13.45,13.45,40.49,33.64,69.29
16.60,16.60,35.09,28.84,69.96
20.01,20.01,32.39,23.53,69.93
19.96,19.96,32.64,22.78,67.86
18.95,18.95,37.06,18.04,66.99
19.56,19.56,37.21,20.74,66.40
21.18,21.18,40.94,22.08,66.03
18.42,18.42,41.91,20.17,64.57
14.03,14.03,44.89,21.09,63.96
13.16,13.16,51.11,30.68,62.72
16.57,16.57,64.16,33.07,62.35
11.56,11.56,48.91,30.01,59.29
14.74,14.74,44.59,31.08,58.25
18.82,18.82,40.96,25.98,56.17
24.27,24.27,42.80,27.97,55.57
29.17,29.17,44.81,28.46,54.17
30.41,30.41,47.68,31.38,53.64
30.17,30.17,42.89,31.76,56.19
27.02,27.02,39.92,30.04,57.65
22.76,22.76,38.54,24.16,57.43
16.28,16.28,43.24,26.46,55.31
20.46,20.46,56.89,46.63,70.10
14.95,14.95,46.37,33.26,69.18
19.14,19.14,40.51,31.42,69.46
20.18,20.18,35.31,24.80,69.55
20.51,20.51,35.01,24.38,67.54
24.48,24.48,37.31,23.01,67.08
31.32,31.32,41.13,22.66,65.71
37.92,37.92,39.48,20.93,65.44
46.65,46.65,39.35,23.19,63.72
62.01,62.01,43.38,26.35,59.39
73.42,73.42,54.75,31.90,65.64
75.32,75.32,62.68,45.32,64.94
78.25,78.25,49.53,43.65,61.98
78.74,78.74,45.68,31.85,58.98
77.34,77.34,42.36,34.50,58.24
75.93,75.93,39.72,30.06,59.33
74.80,74.80,39.75,34.49,62.83
73.14,73.14,37.93,28.64,63.79
70.24,70.24,33.42,30.37,58.23
64.97,64.97,39.40,33.02,53.24
67.88,67.88,43.61,35.40,52.98
70.02,70.02,49.84,28.73,56.27
64.44,64.44,56.62,44.62,65.88
74.72,74.72,47.59,42.96,68.22
75.92,75.92,44.91,37.54,68.55
71.12,71.12,40.35,32.16,68.33
68.99,68.99,44.06,29.59,68.50
73.90,73.90,41.18,29.58,67.67
72.96,72.96,41.31,32.68,66.36
72.31,72.31,40.09,30.31,66.12
72.00,72.00,44.95,24.28,61.49
67.55,67.55,44.72,25.02,61.12
65.30,65.30,51.92,28.93,60.83
67.78,67.78,64.78,32.92,60.26
70.03,70.03,60.47,37.94,61.59
76.99,76.99,58.84,31.67,53.46
73.21,73.21,53.45,26.51,57.13
75.05,75.05,50.19,24.69,56.96
74.67,74.67,49.25,22.84,54.43
74.49,74.49,48.73,22.60,56.70
74.44,74.44,45.36,28.01,54.20
73.79,73.79,44.24,24.33,52.07
77.87,77.87,45.15,21.87,51.78
79.50,79.50,46.78,18.62,53.54
79.27,79.27,54.99,28.14,62.60
77.84,77.84,47.80,20.32,67.54
79.14,79.14,43.73,22.54,67.61
78.11,78.11,38.13,24.28,67.84
77.50,77.50,34.91,20.08,67.83
74.27,74.27,34.46,16.52,65.78
70.41,70.41,36.86,29.56,63.06
69.91,69.91,34.87,26.14,60.27
70.69,70.69,39.44,23.64,58.95
69.66,69.66,43.45,19.74,56.28
66.89,66.89,48.18,20.81,56.16
64.41,64.41,57.60,35.17,58.66
62.87,62.87,62.78,34.80,57.99
74.30,74.30,57.60,23.07,57.31
73.65,73.65,52.20,23.25,57.00
74.05,74.05,48.68,19.54,56.99
73.88,73.88,47.23,22.42,57.29
73.98,73.98,44.65,26.48,59.51
74.61,74.61,44.54,26.41,59.17
73.79,73.79,43.75,25.19,59.97
73.63,73.63,46.92,23.10,59.30
73.62,73.62,52.76,21.71,61.63
73.32,73.32,59.29,35.61,65.37
75.11,75.11,54.93,37.44,66.51
74.84,74.84,50.27,30.25,64.32
73.01,73.01,42.84,26.31,64.22
74.71,74.71,38.68,22.06,64.53
75.73,75.73,38.27,22.25,58.10
76.02,76.02,37.28,21.76,58.10
74.94,74.94,36.79,17.58,54.05
71.27,71.27,38.89,23.01,55.86
70.67,70.67,42.95,22.93,53.30
69.66,69.66,46.81,23.56,54.92
67.78,67.78,58.88,27.26,55.24
60.61,60.61,57.66,27.83,53.77
56.36,56.36,46.46,29.94,53.61
59.59,59.59,40.50,30.99,55.47
57.16,57.16,39.93,31.11,51.66
54.01,54.01,41.41,31.89,47.79
54.43,54.43,42.66,31.18,51.48
56.30,56.30,41.47,32.68,53.36
59.78,59.78,38.33,31.49,54.29
59.91,59.91,39.62,28.05,53.88
55.91,55.91,41.82,23.12,52.62
45.26,45.26,56.37,37.11,62.23
48.23,48.23,51.33,42.27,69.10
45.79,45.79,42.91,31.65,69.41
48.01,48.01,38.51,31.90,70.20
52.02,52.02,34.98,26.56,70.40
53.86,53.86,35.05,30.02,67.90
54.79,54.79,35.07,27.93,66.71
57.59,57.59,37.94,23.56,61.30
57.79,57.79,40.41,24.11,60.02
56.27,56.27,44.51,17.57,59.55
53.80,53.80,45.97,24.26,59.58
50.70,50.70,57.18,37.07,59.86
48.90,48.90,57.41,46.96,55.97
47.72,47.72,47.24,35.68,54.51
49.87,49.87,43.22,28.51,55.68
51.97,51.97,42.65,27.75,54.93
51.50,51.50,43.60,31.20,53.68
49.20,49.20,48.25,33.33,52.48
47.05,47.05,43.89,33.11,52.69
49.10,49.10,38.35,32.70,50.37
46.97,46.97,36.51,31.14,51.91
34.49,34.49,37.75,25.03,51.00
39.05,39.05,52.73,35.18,59.84
37.07,37.07,49.56,35.54,69.30
37.18,37.18,42.26,28.31,68.79
36.80,36.80,37.56,28.81,69.95
35.59,35.59,33.51,25.33,68.93
37.02,37.02,33.79,26.35,68.71
38.48,38.48,37.26,27.29,66.95
39.36,39.36,35.57,24.86,66.20
40.37,40.37,35.44,24.96,64.63
35.69,35.69,37.40,23.67,63.81
31.25,31.25,42.72,29.23,62.62
22.59,22.59,55.49,38.24,61.99
19.97,19.97,64.09,40.06,59.44
25.02,25.02,54.46,32.25,56.63
32.91,32.91,47.40,26.58,57.28
36.39,36.39,45.61,29.91,55.15
41.24,41.24,46.97,29.92,55.05
37.54,37.54,49.46,33.55,53.39
33.83,33.83,53.35,32.77,54.13
36.08,36.08,46.86,30.41,54.65
36.46,36.46,43.21,29.52,53.50
27.70,27.70,40.38,27.13,50.93
20.48,20.48,48.33,30.97,52.35
20.96,20.96,52.27,43.53,69.71
23.16,23.16,44.71,30.61,69.65
23.85,23.85,37.94,30.51,69.54
21.88,21.88,36.92,24.80,70.28
23.32,23.32,35.35,26.77,69.39
26.77,26.77,37.04,23.82,67.90
29.83,29.83,38.82,24.03,66.95
29.28,29.28,36.44,23.96,67.11
23.68,23.68,38.85,21.98,66.07
15.39,15.39,42.49,25.76,65.94
11.85,11.85,50.44,29.77,65.16
18.35,18.35,54.17,35.56,62.99
21.47,21.47,56.98,35.69,61.45
19.91,19.91,44.97,29.20,58.07
26.90,26.90,41.01,24.47,57.20
29.25,29.25,40.94,26.14,54.93
36.42,36.42,44.24,28.47,55.19
40.43,40.43,43.42,33.70,54.33
39.61,39.61,39.88,34.35,53.69
35.98,35.98,35.95,32.21,55.51
30.40,30.40,36.71,28.24,53.69
16.29,16.29,43.94,24.40,51.80
20.40,20.40,55.50,41.78,69.47
14.94,14.94,45.62,36.83,69.14
16.22,16.22,40.89,32.13,69.55
19.68,19.68,36.33,31.60,69.99
21.51,21.51,35.12,27.80,69.06
23.41,23.41,36.44,27.87,68.90
26.83,26.83,38.48,25.80,66.81
26.00,26.00,38.25,24.44,66.13
23.39,23.39,39.91,20.83,64.76
18.56,18.56,42.62,24.05,64.60
18.36,18.36,48.74,29.47,63.59
17.44,17.44,64.09,32.44,63.25
15.72,15.72,50.02,33.54,58.73
21.90,21.90,44.66,30.31,56.04
28.16,28.16,41.97,25.00,55.83
37.10,37.10,40.93,28.17,53.38
39.59,39.59,42.62,32.30,51.34
40.72,40.72,46.61,35.50,52.42
37.37,37.37,41.44,33.88,53.24
40.40,40.40,35.88,29.48,54.48
45.22,45.22,37.62,23.31,53.19
59.25,59.25,44.12,21.31,55.67
76.66,76.66,57.67,42.36,66.71
77.94,77.94,50.37,39.44,68.77
77.94,77.94,42.52,31.97,67.67
78.02,78.02,36.14,27.50,67.99
78.41,78.41,32.27,27.48,67.59
79.48,79.48,30.46,24.55,68.39
79.75,79.75,31.19,26.28,66.76
78.78,78.78,29.68,26.27,63.86
76.67,76.67,34.52,24.37,60.16
76.66,76.66,42.05,23.50,62.21
78.09,78.09,46.97,36.86,61.49
79.55,79.55,62.07,41.91,65.81
75.37,75.37,54.44,45.82,62.83
76.84,76.84,49.69,34.79,63.76
75.64,75.64,46.93,28.77,66.48
73.31,73.31,45.56,29.17,69.35
74.71,74.71,48.41,27.57,68.69
77.17,77.17,43.74,27.37,66.46
73.93,73.93,38.65,28.12,63.87
69.87,69.87,30.98,22.53,61.69
71.33,71.33,31.05,20.44,62.20
70.02,70.02,37.89,21.09,60.63
74.40,74.40,50.32,30.92,68.59
74.06,74.06,47.66,27.82,69.66
75.75,75.75,43.88,30.55,70.86
75.31,75.31,41.29,26.80,69.99
77.10,77.10,37.65,27.49,69.19
76.46,76.46,33.26,23.36,69.58
75.45,75.45,33.74,20.40,64.94
74.21,74.21,32.56,21.31,65.18
74.10,74.10,32.61,19.80,60.51
77.53,77.53,40.74,23.44,61.35
79.62,79.62,46.39,27.74,57.37
79.03,79.03,59.30,34.37,57.50
78.63,78.63,62.54,41.45,60.12
78.28,78.28,55.83,30.53,61.79
76.48,76.48,49.74,28.48,61.57
77.71,77.71,43.37,26.61,61.66
76.28,76.28,40.51,28.00,59.46
74.51,74.51,37.34,26.60,55.46
74.70,74.70,36.96,26.37,56.17
62.60,62.60,36.91,32.52,55.00
64.23,64.23,46.21,26.86,59.94
62.19,62.19,58.87,29.74,58.07
57.59,57.59,62.42,37.64,64.57
61.09,61.09,55.00,30.07,69.30
68.40,68.40,51.24,31.58,70.33
66.27,66.27,45.99,29.61,69.81
58.48,58.48,39.97,30.77,68.60
58.17,58.17,39.52,29.24,68.48
59.02,59.02,40.04,24.12,67.55
60.02,60.02,35.17,23.76,63.67
61.25,61.25,35.53,26.01,64.10
61.99,61.99,37.25,21.67,61.69
60.34,60.34,43.06,25.26,60.05
57.99,57.99,59.55,35.68,58.56
66.70,66.70,62.20,36.75,64.48
74.51,74.51,53.93,28.37,62.99
73.73,73.73,48.33,25.99,63.93
72.14,72.14,43.22,32.08,63.90
74.32,74.32,42.39,35.47,64.74
74.78,74.78,46.22,35.94,65.65
74.55,74.55,41.12,35.57,65.85
73.85,73.85,40.15,34.06,65.55
71.11,71.11,45.08,33.91,64.68
71.19,71.19,48.84,29.55,64.45
69.56,69.56,61.82,29.20,65.90
68.80,68.80,65.02,36.33,67.03
65.32,65.32,55.16,30.08,66.21
64.83,64.83,50.31,27.76,64.56
60.53,60.53,50.36,26.71,64.31
57.92,57.92,53.12,23.50,64.38
59.30,59.30,64.74,25.95,64.40
60.00,60.00,54.32,27.21,61.54
57.93,57.93,45.39,21.42,60.77
55.38,55.38,43.93,26.17,59.98
55.53,55.53,48.11,35.90,58.56
54.57,54.57,57.41,34.38,57.30
52.61,52.61,62.42,28.92,57.02
50.80,50.80,50.50,30.27,54.59
53.92,53.92,48.74,27.40,54.13
56.94,56.94,43.73,30.03,55.37
56.57,56.57,42.62,27.33,55.99
55.64,55.64,48.72,26.36,53.79
53.24,53.24,41.11,28.88,52.83
51.66,51.66,41.53,24.87,54.43
61.85,61.85,53.52,22.39,53.77
61.28,61.28,58.69,24.76,56.00
60.76,60.76,62.12,26.48,63.23
70.18,70.18,65.16,36.94,75.06
65.51,65.51,60.04,29.83,76.02
63.14,63.14,55.26,24.94,75.13
59.42,59.42,53.38,21.37,73.09
54.00,54.00,51.75,22.64,66.57
52.85,52.85,65.84,21.64,68.86
52.51,52.51,54.08,21.87,68.36
52.23,52.23,49.26,21.87,69.12
53.61,53.61,45.46,20.39,66.55
52.40,52.40,52.33,25.41,65.96
51.10,51.10,56.09,29.16,65.67
61.83,61.83,56.32,41.77,64.92
71.02,71.02,48.69,39.66,68.07
69.92,69.92,43.80,21.80,69.29
72.54,72.54,39.29,20.83,70.34
73.78,73.78,38.46,19.79,70.33
73.90,73.90,44.25,22.59,70.39
73.56,73.56,37.69,24.01,69.69
73.14,73.14,33.45,20.65,68.80
71.82,71.82,36.91,19.93,67.46
71.01,71.01,42.07,20.95,66.37
67.49,67.49,54.54,24.47,65.59
64.07,64.07,65.56,41.79,69.53
66.58,66.58,56.94,35.39,67.79
68.53,68.53,48.92,22.52,67.64
63.98,63.98,44.76,20.71,67.27
58.67,58.67,46.68,17.38,67.66
57.88,57.88,64.02,17.96,67.91
59.66,59.66,60.52,18.47,66.33
63.54,63.54,58.82,19.77,65.38
62.59,62.59,58.15,18.99,65.04
61.62,61.62,62.35,21.17,64.19
55.33,55.33,64.65,31.73,61.60
54.04,54.04,66.98,35.20,61.16
48.00,48.00,58.46,25.72,59.35
48.59,48.59,51.74,23.32,60.84
49.87,49.87,49.20,24.41,60.61
48.72,48.72,46.77,21.63,61.83
48.02,48.02,50.24,24.08,61.11
47.50,47.50,45.00,25.84,63.18
46.35,46.35,36.90,23.01,61.75
46.24,46.24,35.47,20.70,61.36
58.99,58.99,52.25,17.75,62.43
55.44,55.44,57.51,23.10,62.03
63.70,63.70,63.10,31.05,71.75
68.28,68.28,52.37,33.54,75.13
63.76,63.76,52.89,29.09,73.28
68.01,68.01,50.48,22.38,72.13
68.41,68.41,47.93,22.46,72.40
71.00,71.00,51.00,21.62,72.02
69.17,69.17,46.02,20.74,71.17
69.79,69.79,46.15,20.93,70.42
63.65,63.65,45.03,19.25,69.88
51.38,51.38,41.35,21.57,70.31
50.38,50.38,49.33,24.28,69.08
59.26,59.26,59.98,31.80,69.81
71.06,71.06,56.80,33.29,74.94
66.93,66.93,48.34,26.25,75.89
65.35,65.35,39.47,14.92,76.50
65.49,65.49,36.11,16.59,75.69
65.37,65.37,42.54,17.12,75.24
63.89,63.89,37.03,19.83,74.30
64.59,64.59,31.92,26.87,75.20
64.99,64.99,34.31,19.13,74.17
66.03,66.03,40.82,19.01,74.11
64.77,64.77,48.37,23.37,72.61
63.62,63.62,65.77,37.23,74.02
64.16,64.16,53.86,40.83,75.58
58.50,58.50,44.49,25.65,74.98
52.41,52.41,41.48,24.34,74.20
51.28,51.28,40.81,14.69,73.10
50.17,50.17,60.55,19.17,72.25
45.49,45.49,58.52,21.34,71.98
45.75,45.75,51.43,24.51,72.09
46.63,46.63,57.71,21.57,71.48
50.65,50.65,59.35,17.43,69.71
53.84,53.84,56.17,24.16,67.52
55.03,55.03,59.42,32.28,69.20
48.02,48.02,50.74,27.42,67.71
43.73,43.73,42.82,21.15,66.77
45.70,45.70,41.30,27.68,66.13
42.21,42.21,43.23,26.30,65.67
47.59,47.59,49.02,20.89,66.58
45.70,45.70,47.08,18.15,66.17
43.51,43.51,35.17,17.55,66.77
42.31,42.31,32.77,18.06,67.57
43.19,43.19,37.94,21.34,67.47
53.99,53.99,43.09,21.00,65.74
60.00,60.00,66.91,34.81,75.52
55.01,55.01,56.50,30.41,76.92
51.56,51.56,49.39,27.23,77.37
55.05,55.05,43.51,23.01,77.86
52.80,52.80,44.19,20.93,78.60
51.47,51.47,54.05,23.76,78.11
57.65,57.65,61.75,17.55,77.96
57.37,57.37,49.14,21.11,75.17
64.36,64.36,46.25,17.93,74.18
71.08,71.08,52.78,13.10,72.83
74.29,74.29,58.37,30.01,70.61
75.84,75.84,63.67,43.53,68.26
74.19,74.19,59.47,44.82,67.05
71.91,71.91,54.28,35.30,67.33
73.37,73.37,49.48,27.74,71.22
74.46,74.46,46.94,27.81,70.69
73.98,73.98,50.19,28.02,70.64
68.92,68.92,52.35,24.05,73.36
67.04,67.04,49.31,19.78,75.49
63.32,63.32,45.32,20.93,76.61
64.74,64.74,45.39,23.30,73.22
60.91,60.91,46.36,27.14,63.75
62.87,62.87,64.38,38.76,64.63
66.40,66.40,58.24,37.73,70.92
57.43,57.43,52.41,31.50,74.30
55.48,55.48,51.53,25.65,74.84
60.36,60.36,50.97,25.87,74.51
58.19,58.19,58.60,32.16,72.56
54.64,54.64,63.10,32.44,65.12
49.07,49.07,50.39,32.43,64.15
50.53,50.53,41.69,35.91,62.85
53.66,53.66,44.70,32.68,64.00
53.98,53.98,57.62,30.59,61.09
67.75,67.75,61.90,36.91,64.11
78.44,78.44,65.17,34.36,66.70
76.59,76.59,60.08,28.14,68.41
74.65,74.65,56.58,25.78,71.55
72.46,72.46,48.70,29.04,73.81
70.34,70.34,48.84,26.21,75.97
70.55,70.55,50.37,24.30,77.04
69.78,69.78,48.26,23.74,76.79
65.29,65.29,42.78,25.21,75.48
66.75,66.75,38.98,21.31,74.35
66.55,66.55,39.81,16.34,73.68
67.21,67.21,61.45,26.98,71.71
65.21,65.21,58.04,29.51,71.38
57.00,57.00,48.82,28.60,70.55
53.48,53.48,40.89,27.19,69.56
52.32,52.32,36.21,26.96,67.92
46.19,46.19,44.39,28.33,67.50
41.19,41.19,65.41,32.49,68.40
37.15,37.15,52.92,25.93,64.19
35.53,35.53,41.91,25.29,64.19
35.15,35.15,36.96,26.63,63.16
50.07,50.07,48.63,26.21,63.91
58.83,58.83,57.42,30.55,67.17
65.82,65.82,60.39,35.31,75.66
60.24,60.24,52.48,31.90,75.50
59.29,59.29,46.00,30.35,76.44
60.10,60.10,47.23,26.20,75.38
60.43,60.43,48.17,27.43,75.41
60.21,60.21,52.06,32.52,73.56
59.57,59.57,46.47,35.15,72.17
57.38,57.38,46.66,29.56,72.08
55.98,55.98,48.10,25.01,71.70
55.47,55.47,48.99,23.82,72.27
59.31,59.31,60.05,27.92,70.94
67.78,67.78,65.62,39.67,70.72
66.61,66.61,58.21,34.69,70.35
61.72,61.72,52.72,25.62,72.91
49.87,49.87,47.77,24.17,72.09
42.90,42.90,47.41,25.49,69.71
42.33,42.33,65.80,24.57,68.31
40.73,40.73,54.06,31.61,67.19
41.43,41.43,42.90,30.34,67.63
39.07,39.07,39.88,27.64,66.96
37.97,37.97,44.09,28.16,66.31
37.84,37.84,53.79,30.62,64.63
36.09,36.09,62.74,33.67,64.53
36.11,36.11,53.43,29.95,64.40
35.85,35.85,50.34,31.58,64.46
34.15,34.15,46.65,29.72,63.14
34.71,34.71,42.95,34.45,63.37
34.61,34.61,50.78,36.21,62.54
36.41,36.41,43.43,37.17,62.15
35.12,35.12,38.72,36.88,61.41
33.22,33.22,37.52,35.04,60.70
45.06,45.06,42.20,30.47,60.91
57.98,57.98,59.64,29.38,74.54
58.86,58.86,68.38,36.72,77.86
48.37,48.37,60.41,31.19,77.55
44.10,44.10,52.66,29.55,77.42
42.54,42.54,50.57,25.95,77.87
39.29,39.29,51.84,26.25,76.49
35.96,35.96,64.71,25.59,74.37
36.96,36.96,56.35,23.86,74.67
39.53,39.53,50.96,20.65,73.50
32.63,32.63,53.08,19.72,74.67
36.31,36.31,59.89,20.41,74.61
38.47,38.47,64.74,25.19,73.78
36.45,36.45,66.02,39.44,76.19
40.50,40.50,64.88,36.14,78.93
45.30,45.30,65.55,28.71,78.13
43.76,43.76,61.51,28.84,78.18
41.42,41.42,56.12,34.18,78.07
45.30,45.30,57.20,36.14,78.24
51.21,51.21,58.10,36.66,77.70
51.85,51.85,55.89,35.79,77.41
45.71,45.71,52.13,34.30,74.93
39.74,39.74,49.13,33.24,71.92
43.63,43.63,57.21,30.38,72.55
43.12,43.12,68.88,38.09,72.34
39.91,39.91,63.07,34.47,73.63
37.14,37.14,51.70,26.29,74.32
31.69,31.69,45.06,19.43,73.73
29.27,29.27,44.97,19.78,70.92
32.22,32.22,62.81,32.52,69.36
31.35,31.35,56.90,22.86,68.13
29.76,29.76,48.68,23.91,67.57
27.55,27.55,52.85,21.76,66.33
25.65,25.65,61.23,22.06,62.80
27.70,27.70,64.69,30.11,62.19
35.03,35.03,69.64,39.42,61.53
36.79,36.79,64.12,33.70,60.88
27.50,27.50,63.59,30.88,58.26
23.98,23.98,61.12,33.94,58.93
23.29,23.29,58.95,37.93,60.86
27.84,27.84,58.59,38.41,61.39
33.22,33.22,55.45,36.47,61.86
35.62,35.62,48.00,33.89,63.18
45.97,45.97,42.12,31.81,62.99
55.71,55.71,46.70,27.81,69.97
59.70,59.70,54.42,27.69,77.89
52.19,52.19,66.80,41.38,79.52
45.04,45.04,57.91,38.74,79.14
47.88,47.88,50.71,25.62,79.66
40.57,40.57,47.68,26.46,75.59
42.58,42.58,50.05,28.27,72.89
53.11,53.11,60.04,25.78,69.75
48.49,48.49,59.64,19.13,67.71
39.65,39.65,48.20,22.00,66.63
35.04,35.04,35.58,19.14,65.31
32.70,32.70,31.42,20.11,64.29
38.63,38.63,35.47,22.38,65.18
48.67,48.67,39.59,29.67,72.60
44.75,44.75,32.56,29.88,79.36
43.78,43.78,31.35,34.16,78.31
42.89,42.89,28.89,37.06,78.05
43.41,43.41,27.38,38.72,77.01
43.99,43.99,26.02,39.95,76.42
45.51,45.51,26.09,39.28,75.36
43.09,43.09,23.61,38.22,75.43
43.56,43.56,23.20,36.36,76.03
43.05,43.05,23.92,33.65,75.91
40.54,40.54,28.02,26.25,74.87
46.55,46.55,41.58,33.39,74.37
53.84,53.84,43.78,31.26,74.63
61.23,61.23,40.77,22.56,74.14
56.59,56.59,38.48,17.59,73.73
54.21,54.21,35.17,20.86,73.48
54.01,54.01,33.33,30.88,72.69
49.49,49.49,32.14,43.28,70.79
43.38,43.38,29.54,34.16,68.51
40.30,40.30,28.73,31.03,66.92
40.79,40.79,27.24,27.03,64.70
41.91,41.91,33.95,30.02,69.12
45.85,45.85,30.92,33.38,74.01
50.25,50.25,30.94,32.63,72.35
45.88,45.88,28.40,24.28,73.02
39.78,39.78,26.66,24.09,72.77
41.40,41.40,28.85,24.15,73.81
40.04,40.04,25.89,20.91,74.40
37.77,37.77,25.41,22.01,74.18
40.58,40.58,27.13,23.56,73.40
40.99,40.99,29.23,21.72,70.35
40.10,40.10,30.05,23.55,69.73
38.23,38.23,30.12,25.05,68.27
39.46,39.46,32.63,27.37,71.39
39.96,39.96,29.21,36.51,72.35
38.90,38.90,25.22,27.46,72.49
40.84,40.84,24.91,26.54,69.71
39.26,39.26,24.49,21.62,70.82
38.00,38.00,27.55,25.81,70.44
36.67,36.67,25.71,21.31,67.54
37.67,37.67,26.29,21.29,67.52
43.01,43.01,23.08,23.55,67.66
46.80,46.80,22.88,23.32,67.93
59.31,59.31,31.72,24.13,66.11
60.14,60.14,34.29,24.02,64.35
58.54,58.54,34.25,24.89,62.98
57.72,57.72,37.25,32.47,60.12
56.42,56.42,38.86,33.48,59.90
53.76,53.76,39.55,32.09,57.30
45.81,45.81,40.74,35.12,56.55
42.73,42.73,40.19,35.59,56.25
41.86,41.86,38.05,35.68,56.30
42.96,42.96,40.77,35.84,57.12
39.05,39.05,44.42,33.83,58.15
31.68,31.68,45.71,31.04,55.50
32.32,32.32,50.30,36.47,62.11
30.81,30.81,49.59,29.48,68.99
28.75,28.75,46.53,27.96,69.41
26.07,26.07,38.91,26.75,70.25
26.67,26.67,35.02,24.42,69.08
28.08,28.08,32.40,21.31,67.85
32.29,32.29,35.47,20.11,66.16
33.28,33.28,37.27,15.90,67.25
36.05,36.05,40.32,18.39,66.67
37.27,37.27,43.19,17.68,64.34
41.65,41.65,44.35,23.89,61.12
44.86,44.86,43.38,21.74,61.43
47.69,47.69,44.52,23.78,60.95
49.51,49.51,45.14,27.79,58.91
50.20,50.20,44.40,29.68,59.02
49.98,49.98,44.45,34.14,57.79
51.67,51.67,43.67,33.96,57.81
51.70,51.70,41.88,33.71,55.41
50.45,50.45,40.58,33.15,52.03
49.04,49.04,39.50,33.26,51.62
47.17,47.17,34.53,27.90,49.75
44.74,44.74,27.44,22.77,49.80
57.97,57.97,27.97,26.40,55.51
76.07,76.07,30.80,42.17,71.46
74.14,74.14,31.83,35.29,72.04
72.69,72.69,37.82,25.78,70.79
73.28,73.28,41.10,21.29,72.05
73.17,73.17,42.09,23.70,71.32
73.71,73.71,42.98,22.91,72.02
72.19,72.19,44.64,17.55,70.64
74.42,74.42,51.20,14.99,71.16
74.82,74.82,59.57,10.39,67.58
67.60,67.60,64.58,7.15,61.02
73.78,73.78,77.09,1.68,62.55
73.71,73.71,89.93,2.39,61.78
75.33,75.33,90.08,13.04,59.22
75.11,75.11,87.96,11.15,62.70
59.73,59.73,90.29,13.10,59.82
56.28,56.28,88.54,16.55,59.89
54.83,54.83,91.35,22.59,60.80
56.79,56.79,87.90,28.69,60.01
66.42,66.42,78.36,37.28,59.25
68.35,68.35,71.13,35.63,61.43
66.01,66.01,77.29,35.32,61.58
61.00,61.00,82.66,35.44,62.30
70.14,70.14,80.16,35.93,69.88
71.84,71.84,79.52,35.09,70.74
59.71,59.71,82.62,39.46,69.37
56.73,56.73,76.50,43.00,68.17
54.63,54.63,75.86,40.35,67.44
50.72,50.72,87.13,37.39,67.28
51.64,51.64,79.38,46.35,65.69
57.50,57.50,81.21,46.57,65.57
56.98,56.98,84.39,44.88,61.69
52.01,52.01,80.92,42.61,56.62
59.05,59.05,80.25,37.21,56.91
73.12,73.12,89.24,37.33,60.89
73.62,73.62,90.38,31.13,61.28
73.12,73.12,87.50,20.90,64.29
73.18,73.18,89.38,23.79,64.77
73.08,73.08,90.73,29.95,64.45
74.21,74.21,89.23,30.21,64.63
74.43,74.43,88.21,22.12,67.06
74.71,74.71,82.57,32.19,66.17
74.55,74.55,70.12,37.52,65.65
75.66,75.66,76.68,43.14,66.43
72.78,72.78,79.85,43.60,67.77
72.23,72.23,77.71,51.07,67.97
72.35,72.35,84.05,51.42,70.74
71.78,71.78,82.35,47.82,69.46
69.37,69.37,79.97,44.52,68.21
71.49,71.49,77.53,42.49,71.15
71.95,71.95,86.56,39.20,69.95
73.29,73.29,81.56,42.44,70.22
69.92,69.92,81.29,45.27,68.16
69.65,69.65,85.40,43.90,67.08
69.20,69.20,82.46,37.85,64.41
74.99,74.99,82.67,34.24,63.98
78.40,78.40,89.16,36.56,66.90
74.32,74.32,89.75,24.66,63.62
69.67,69.67,88.63,23.73,58.90
67.56,67.56,89.27,21.25,59.77
65.25,65.25,88.98,23.53,55.03
69.51,69.51,88.58,17.52,57.69
68.51,68.51,88.82,28.89,58.45
69.53,69.53,85.85,37.04,56.69
69.66,69.66,73.16,40.11,57.80
72.07,72.07,73.32,45.22,58.83
66.88,66.88,82.65,49.37,60.96
63.89,63.89,77.94,52.71,68.63
73.48,73.48,82.55,48.36,72.25
72.21,72.21,84.70,46.20,70.52
66.13,66.13,79.23,49.06,69.49
62.15,62.15,74.52,45.80,67.34
56.83,56.83,86.99,42.96,65.27
55.97,55.97,80.95,42.34,64.23
53.57,53.57,80.77,45.73,65.52
49.77,49.77,86.66,47.61,61.65
45.83,45.83,83.26,47.51,58.14
47.47,47.47,82.47,42.63,54.57
59.48,59.48,88.52,31.24,64.76
70.02,70.02,90.79,24.05,62.77
72.38,72.38,87.85,27.23,68.09
73.38,73.38,90.06,28.78,69.58
73.01,73.01,88.63,23.21,69.87
73.71,73.71,88.70,25.48,69.61
74.63,74.63,90.75,28.76,69.33
76.82,76.82,86.65,30.41,72.42
78.57,78.57,74.10,28.77,74.21
77.69,77.69,72.60,41.50,74.63
77.18,77.18,80.99,48.13,72.41
76.03,76.03,74.75,53.28,70.16
74.38,74.38,82.40,53.54,70.07
71.97,71.97,82.90,52.45,68.73
71.79,71.79,80.74,53.02,69.00
73.09,73.09,74.67,50.42,69.76
73.05,73.05,86.18,51.17,69.00
74.14,74.14,80.92,49.04,70.91
72.20,72.20,82.72,49.28,68.27
63.13,63.13,84.26,52.49,60.15
60.02,60.02,81.45,50.79,56.43
65.50,65.50,80.15,48.53,58.67
78.00,78.00,88.52,36.98,68.18
75.96,75.96,89.15,34.48,65.11
71.20,71.20,89.03,29.77,61.97
71.85,71.85,88.73,16.46,64.87
72.03,72.03,88.73,17.72,65.73
71.43,71.43,90.54,12.61,65.62
71.73,71.73,88.73,24.40,64.99
72.27,72.27,87.59,32.84,66.35
69.74,69.74,77.61,35.36,64.18
65.44,65.44,69.58,37.48,62.24
74.75,74.75,79.53,47.88,68.86
76.06,76.06,79.08,49.13,70.89
69.51,69.51,81.70,45.20,71.95
60.23,60.23,82.24,43.87,71.58
62.17,62.17,81.21,46.13,69.72
68.16,68.16,75.82,47.67,69.31
69.34,69.34,84.86,43.81,67.81
68.53,68.53,81.68,47.02,66.84
65.11,65.11,84.19,46.11,66.17
58.98,58.98,83.26,47.95,63.74
51.00,51.00,81.70,44.60,57.85
48.95,48.95,81.55,45.70,52.45
65.72,65.72,87.50,40.86,62.07
65.44,65.44,89.65,33.96,61.21
71.75,71.75,89.90,30.03,68.24
73.03,73.03,88.65,23.67,66.84
72.07,72.07,90.12,15.18,64.53
71.68,71.68,88.83,20.05,63.25
74.25,74.25,88.67,21.31,63.89
73.35,73.35,88.77,23.08,64.77
71.45,71.45,78.84,27.08,65.22
72.96,72.96,70.19,40.26,67.77
72.03,72.03,78.53,48.70,68.20
71.79,71.79,76.83,52.65,69.35
72.83,72.83,82.12,50.10,70.14
71.98,71.98,81.16,51.15,68.92
71.32,71.32,82.07,49.24,68.86
70.70,70.70,76.07,51.08,68.05
70.74,70.74,81.04,47.96,69.68
71.31,71.31,80.43,49.57,69.78
70.38,70.38,83.25,53.36,67.01
71.40,71.40,82.13,51.33,69.73
70.67,70.67,82.81,46.13,65.53
70.40,70.40,81.52,46.36,62.82
66.92,66.92,86.64,43.36,67.16
70.15,70.15,89.54,40.76,63.35
68.99,68.99,88.84,36.95,63.73
70.05,70.05,89.76,34.04,65.03
73.16,73.16,89.94,17.79,69.46
74.16,74.16,88.00,25.43,69.70
73.64,73.64,89.05,22.59,69.55
72.79,72.79,90.13,23.43,69.18
73.09,73.09,76.98,29.86,69.10
74.02,74.02,73.46,39.65,70.59
73.10,73.10,76.28,47.24,70.41
70.23,70.23,76.78,50.82,69.57
67.95,67.95,79.26,49.15,72.76
67.62,67.62,82.61,48.49,72.79
71.90,71.90,82.89,48.99,74.61
62.48,62.48,74.52,47.18,76.78
63.14,63.14,80.79,49.29,69.20
59.71,59.71,80.31,47.00,65.94
62.43,62.43,82.40,50.24,63.56
63.93,63.93,83.83,47.98,64.72
54.84,54.84,81.23,39.48,60.98
50.06,50.06,79.74,43.30,57.53
59.97,59.97,88.40,41.96,59.89
61.93,61.93,88.52,29.59,62.96
63.59,63.59,90.75,14.58,70.41
66.68,66.68,87.11,22.19,74.21
67.49,67.49,89.50,16.85,74.46
65.83,65.83,88.51,18.45,73.76
63.80,63.80,91.11,21.25,71.93
63.55,63.55,87.76,21.83,69.84
62.66,62.66,80.99,25.05,64.88
60.95,60.95,73.12,42.44,62.92
59.73,59.73,74.77,51.72,65.17
55.69,55.69,79.56,54.34,67.16
55.18,55.18,78.24,59.68,71.01
54.31,54.31,79.62,61.66,75.53
52.82,52.82,82.71,60.96,74.98
52.30,52.30,76.29,59.21,78.15
52.01,52.01,75.89,60.00,76.92
52.82,52.82,82.69,58.74,77.64
53.85,53.85,81.01,53.93,78.29
53.23,53.23,83.25,58.19,78.79
50.30,50.30,83.05,51.10,75.73
46.36,46.36,80.62,49.37,76.48
45.57,45.57,86.59,47.20,77.60
49.92,49.92,88.13,41.13,77.31
50.07,50.07,90.18,24.10,72.20
61.94,61.94,88.05,9.82,71.60
64.77,64.77,89.04,8.64,67.17
53.74,53.74,90.55,11.21,58.34
51.35,51.35,88.66,12.70,56.55
51.82,51.82,88.19,20.44,59.25
52.19,52.19,83.54,27.53,59.11
49.33,49.33,74.42,39.42,62.66
45.73,45.73,73.31,54.19,61.93
43.04,43.04,78.50,56.64,62.84
44.79,44.79,77.58,56.28,70.31
51.28,51.28,81.74,60.82,71.66
72.46,72.46,82.37,60.17,71.62
72.44,72.44,76.92,59.63,72.21
70.49,70.49,74.76,60.78,72.85
67.90,67.90,85.79,60.75,73.41
65.69,65.69,79.47,57.40,73.01
64.42,64.42,82.63,59.46,71.57
59.87,59.87,83.53,53.64,68.52
49.31,49.31,80.59,54.24,61.83
58.90,58.90,85.67,46.36,63.49
68.14,68.14,88.72,42.19,72.34
69.54,69.54,90.41,27.96,73.81
68.58,68.58,88.96,21.80,70.78
70.63,70.63,90.03,18.17,70.95
71.45,71.45,89.03,13.75,71.07
73.62,73.62,88.26,12.80,72.64
72.99,72.99,89.39,20.88,72.31
73.49,73.49,86.96,22.68,73.21
74.89,74.89,72.69,34.31,74.76
74.37,74.37,71.03,52.74,73.62
71.67,71.67,81.52,52.17,72.37
70.87,70.87,76.96,57.01,73.91
70.74,70.74,80.83,63.03,75.16
64.68,64.68,83.36,62.54,72.67
59.75,59.75,79.07,61.75,74.21
58.90,58.90,72.91,60.25,74.81
54.06,54.06,84.49,63.44,77.11
52.00,52.00,78.71,58.51,77.32
55.10,55.10,82.83,58.23,76.43
55.65,55.65,83.93,61.24,74.47
49.72,49.72,80.77,57.76,73.54
50.43,50.43,83.23,52.28,74.12
52.69,52.69,87.98,49.64,75.04
49.31,49.31,90.55,44.86,71.11
48.12,48.12,87.75,34.69,67.82
51.94,51.94,90.28,12.85,63.35
62.03,62.03,88.95,12.71,59.42
64.48,64.48,88.97,13.32,60.16
64.41,64.41,90.61,12.29,60.92
65.68,65.68,86.93,22.80,61.88
65.75,65.75,75.48,34.01,60.47
67.81,67.81,72.74,54.00,63.00
62.73,62.73,81.06,53.80,62.15
57.84,57.84,77.91,56.83,67.59
54.93,54.93,81.84,58.79,71.24
54.16,54.16,81.29,60.25,70.53
56.87,56.87,81.69,58.28,69.52
65.63,65.63,74.07,59.91,69.50
67.80,67.80,84.95,59.91,67.21
67.96,67.96,81.78,55.73,66.49
65.59,65.59,84.63,58.89,65.29
65.31,65.31,83.54,57.96,63.09
63.73,63.73,81.75,55.36,62.03
58.85,58.85,80.92,51.16,59.38
68.14,68.14,88.60,44.70,69.29
68.46,68.46,89.44,39.83,69.69
68.72,68.72,88.84,37.77,67.17
69.47,69.47,88.61,19.36,67.38
69.14,69.14,89.24,12.18,66.68
68.47,68.47,90.78,4.53,66.95
68.89,68.89,88.55,8.15,68.14
71.07,71.07,87.83,22.49,69.94
71.46,71.46,77.73,38.82,72.30
69.16,69.16,67.40,55.42,70.68
69.54,69.54,80.04,59.71,70.26
71.14,71.14,78.96,61.05,70.92
71.90,71.90,81.39,67.17,73.75
69.32,69.32,80.36,64.32,71.86
70.81,70.81,82.25,64.99,70.82
71.43,71.43,70.97,64.60,71.45
70.63,70.63,78.35,62.47,69.78
71.15,71.15,80.45,63.42,70.35
72.36,72.36,83.72,59.34,71.43
72.34,72.34,81.58,66.77,72.12
71.56,71.56,82.38,63.23,68.27
73.18,73.18,80.78,53.71,72.55
72.32,72.32,86.59,41.67,74.20
71.13,71.13,89.75,42.46,70.24
69.17,69.17,89.02,36.61,68.16
70.98,70.98,89.26,22.86,68.76
70.65,70.65,89.60,11.38,67.93
71.12,71.12,87.79,12.23,68.41
71.16,71.16,87.72,16.29,69.54
70.38,70.38,89.12,26.71,68.87
68.12,68.12,78.57,41.59,67.98
64.04,64.04,72.99,51.93,64.19
61.00,61.00,76.99,60.57,63.93
55.92,55.92,78.26,59.15,65.13
57.04,57.04,82.22,65.11,69.71
71.46,71.46,80.98,63.06,74.42
70.77,70.77,83.30,61.38,74.13
70.94,70.94,72.76,60.78,73.98
71.18,71.18,79.59,60.16,72.87
70.64,70.64,81.25,59.10,71.09
69.45,69.45,81.61,55.51,68.79
69.71,69.71,80.91,62.25,69.96
68.44,68.44,83.49,62.39,64.60
73.04,73.04,79.46,52.13,64.87
73.13,73.13,87.25,47.80,69.52
67.28,67.28,89.53,45.40,69.24
68.45,68.45,87.94,38.53,69.16
68.10,68.10,89.59,30.22,68.91
70.20,70.20,90.08,22.15,70.44
69.95,69.95,87.84,18.42,69.82
69.85,69.85,89.63,12.89,68.15
68.27,68.27,89.90,24.09,68.12
67.35,67.35,77.69,36.37,67.66
70.88,70.88,73.72,50.75,69.87
67.41,67.41,74.06,59.93,66.59
67.91,67.91,80.34,59.87,66.96
66.65,66.65,80.84,64.91,69.31
63.58,63.58,82.84,65.24,68.83
60.19,60.19,83.34,58.42,68.56
59.41,59.41,76.55,60.56,69.09
58.89,58.89,76.73,62.34,67.92
50.30,50.30,81.28,57.24,66.57
49.37,49.37,82.89,60.22,64.77
52.50,52.50,80.12,62.86,63.48
49.96,49.96,83.60,63.54,60.13
47.09,47.09,79.27,53.63,55.36
46.01,46.01,88.28,46.95,60.19
37.29,37.29,88.64,46.24,60.30
39.94,39.94,90.83,39.22,54.63
44.06,44.06,87.43,32.26,51.86
47.78,47.78,90.00,21.13,51.32
49.10,49.10,88.72,20.29,51.35
51.99,51.99,91.19,12.04,50.93
52.36,52.36,88.04,21.28,51.15
51.66,51.66,81.22,36.55,52.70
49.58,49.58,69.91,49.34,54.71
48.97,48.97,74.13,61.85,57.35
55.73,55.73,79.75,69.47,60.00
71.16,71.16,79.55,65.00,72.16
72.50,72.50,81.74,68.13,71.31
73.11,73.11,84.70,68.71,70.99
73.72,73.72,78.23,63.85,71.37
74.29,74.29,75.10,72.18,71.83
73.79,73.79,83.17,68.21,71.59
73.82,73.82,80.87,64.96,71.33
73.36,73.36,78.49,71.51,70.83
71.34,71.34,84.31,71.59,68.99
69.92,69.92,78.92,70.19,65.12
71.60,71.60,86.06,66.63,67.78
73.19,73.19,87.89,59.37,70.96
72.14,72.14,89.68,48.97,68.97
68.42,68.42,88.21,44.20,68.21
69.28,69.28,89.27,25.16,68.18
67.39,67.39,90.59,14.70,66.49
67.70,67.70,89.17,14.85,67.12
69.01,69.01,88.29,21.09,68.88
70.04,70.04,84.32,31.62,70.23
68.70,68.70,71.30,44.27,69.15
69.61,69.61,73.08,59.67,70.30
69.71,69.71,79.43,67.84,71.39
68.20,68.20,78.28,62.86,70.35
69.00,69.00,82.51,70.15,72.00
69.73,69.73,83.45,67.97,72.64
70.82,70.82,78.47,67.66,74.57
68.87,68.87,74.94,70.94,72.88
69.37,69.37,84.41,70.37,69.82
69.57,69.57,79.65,65.28,71.57
69.44,69.44,80.41,65.97,70.92
71.95,71.95,84.38,71.83,71.26
68.28,68.28,78.01,63.66,62.68
68.55,68.55,84.20,67.38,62.41
69.77,69.77,88.79,60.23,66.72
69.15,69.15,89.84,45.70,67.42
68.48,68.48,87.87,39.87,68.82
64.23,64.23,89.62,30.09,64.01
55.61,55.61,88.78,22.92,59.66
54.01,54.01,88.63,26.74,60.00
56.66,56.66,90.52,21.82,59.24
62.92,62.92,86.42,28.46,58.94
67.98,67.98,71.48,43.29,61.16
66.09,66.09,70.47,57.49,59.49
60.45,60.45,80.39,68.77,60.39
59.42,59.42,77.86,60.90,68.40
66.96,66.96,83.06,65.76,74.09
56.51,56.51,84.71,67.07,70.79
52.79,52.79,81.14,64.28,69.50
51.57,51.57,73.59,68.96,67.89
51.64,51.64,83.73,70.51,67.13
48.71,48.71,80.44,64.99,66.15
50.41,50.41,82.86,64.75,64.10
52.39,52.39,84.23,70.62,61.75
50.02,50.02,82.13,64.85,57.04
49.69,49.69,82.97,65.02,54.46
69.30,69.30,87.02,57.61,66.05
73.38,73.38,90.44,44.98,62.18
72.57,72.57,87.68,37.58,67.18
71.65,71.65,89.89,23.31,67.86
71.22,71.22,88.87,9.77,67.15
71.61,71.61,89.55,9.10,67.49
71.28,71.28,90.28,15.02,68.39
71.48,71.48,86.80,27.59,68.40
72.15,72.15,74.07,39.25,70.83
72.83,72.83,68.43,52.85,71.25
71.69,71.69,78.85,65.38,69.62
70.16,70.16,77.87,62.78,69.76
70.18,70.18,81.99,65.14,71.35
70.00,70.00,82.01,66.83,71.15
68.96,68.96,81.27,66.63,68.22
71.93,71.93,77.48,70.66,70.62
70.56,70.56,82.47,70.75,71.01
70.09,70.09,79.53,64.51,70.31
68.50,68.50,84.38,65.88,69.14
66.49,66.49,81.68,70.35,64.85
68.05,68.05,80.01,70.65,63.81
73.24,73.24,80.59,68.80,62.50
77.67,77.67,88.13,66.95,68.59
74.96,74.96,89.65,52.87,64.82
69.48,69.48,88.49,43.81,60.91
69.34,69.34,87.01,29.16,64.69
64.17,64.17,89.37,23.05,58.29
68.63,68.63,90.81,22.40,57.79
67.72,67.72,88.41,22.72,58.96
68.87,68.87,87.75,24.98,57.53
70.29,70.29,77.71,35.05,57.64
70.73,70.73,71.31,49.82,59.65
68.51,68.51,77.89,61.01,60.25
60.09,60.09,80.75,63.08,65.01
64.32,64.32,83.37,62.52,74.15
58.30,58.30,82.15,66.43,75.49
51.98,51.98,83.79,64.64,74.07
52.16,52.16,78.92,68.07,69.24
52.12,52.12,80.26,67.59,68.10
50.29,50.29,81.23,66.58,66.15
46.54,46.54,84.71,65.74,66.56
48.44,48.44,80.35,69.82,64.62
47.05,47.05,82.38,69.31,62.28
46.63,46.63,82.00,68.76,56.07
56.30,56.30,86.22,68.98,62.66
65.79,65.79,89.79,53.00,64.01
71.00,71.00,88.99,44.42,70.99
70.51,70.51,89.13,35.00,70.13
71.91,71.91,90.04,23.97,70.79
71.18,71.18,88.29,24.18,71.90
71.82,71.82,88.40,25.48,71.55
73.35,73.35,89.70,28.08,73.31
75.62,75.62,75.90,34.61,76.24
76.33,76.33,70.56,45.51,76.77
76.07,76.07,77.05,61.30,75.06
75.44,75.44,77.75,63.53,73.53
74.55,74.55,80.69,64.86,73.43
72.66,72.66,81.97,65.67,72.93
73.08,73.08,83.60,64.82,71.80
73.09,73.09,77.82,66.55,72.11
71.48,71.48,78.64,70.83,70.94
73.14,73.14,79.73,67.09,72.73
70.72,70.72,81.41,65.67,70.26
62.28,62.28,82.09,71.48,62.08
63.07,63.07,82.29,71.56,60.64
61.48,61.48,79.36,69.22,57.31
73.53,73.53,86.59,69.00,67.34
76.46,76.46,88.98,59.86,68.18
70.33,70.33,88.58,56.00,65.84
68.76,68.76,90.01,46.32,66.63
70.69,70.69,89.97,34.53,68.79
69.67,69.67,88.11,22.37,68.18
69.87,69.87,90.35,25.88,68.10
69.95,69.95,88.93,25.84,69.11
70.15,70.15,76.98,34.77,68.32
65.21,65.21,72.44,45.85,60.99
70.75,70.75,75.90,57.13,67.77
74.98,74.98,79.20,62.14,70.52
68.83,68.83,80.70,64.21,74.37
63.44,63.44,81.89,64.05,72.20
58.15,58.15,84.84,64.25,70.20
60.15,60.15,78.88,65.66,69.68
64.57,64.57,80.23,68.72,67.60
64.55,64.55,81.59,66.63,66.09
62.79,62.79,81.79,62.80,65.43
55.20,55.20,81.16,71.15,63.96
53.46,53.46,81.76,70.22,62.47
47.33,47.33,78.73,65.32,57.58
59.85,59.85,87.92,69.18,61.38
65.82,65.82,88.22,57.27,65.60
68.41,68.41,91.27,54.06,67.27
71.19,71.19,87.76,46.78,69.85
69.82,69.82,89.65,33.59,68.55
69.07,69.07,88.75,25.14,67.09
68.79,68.79,90.65,27.46,66.06
70.39,70.39,87.64,30.76,68.43
67.88,67.88,81.73,38.31,67.48
70.46,70.46,71.52,49.80,70.02
71.42,71.42,74.24,58.50,71.31
69.20,69.20,79.66,63.69,69.48
73.54,73.54,78.40,62.69,73.22
70.93,70.93,80.83,65.85,71.37
70.49,70.49,84.06,64.35,69.82
70.53,70.53,79.38,63.39,69.83
69.70,69.70,77.12,67.88,69.79
69.93,69.93,84.29,66.02,67.10
67.49,67.49,79.99,59.64,66.87
67.68,67.68,79.21,69.11,68.61
68.98,68.98,82.73,70.02,67.09
66.83,66.83,78.14,66.22,59.81
61.62,61.62,86.07,65.78,64.40
70.75,70.75,88.14,58.56,68.51
72.29,72.29,89.74,52.05,66.35
70.09,70.09,88.88,47.76,67.86
70.64,70.64,89.22,23.53,71.51
72.01,72.01,89.62,17.99,72.50
71.74,71.74,88.84,21.83,72.23
70.72,70.72,88.61,22.85,71.58
69.19,69.19,85.18,31.73,70.19
70.87,70.87,72.87,49.01,71.61
72.04,72.04,72.14,59.43,72.10
70.31,70.31,77.79,64.06,71.42
67.23,67.23,77.54,62.55,72.72
68.70,68.70,80.73,66.61,73.49
70.17,70.17,83.19,66.42,74.13
61.14,61.14,79.51,62.08,78.30
54.36,54.36,77.62,66.17,74.09
54.58,54.58,84.15,66.52,66.47
63.19,63.19,79.06,66.82,66.65
68.19,68.19,80.97,66.88,67.56
63.12,63.12,84.24,73.63,66.11
55.30,55.30,79.80,66.93,60.90
54.39,54.39,84.27,67.10,56.92
62.34,62.34,89.79,64.71,66.98
55.59,55.59,90.28,56.25,68.50
48.46,48.46,87.93,51.00,76.27
51.37,51.37,89.94,30.93,77.13
51.11,51.11,88.68,24.56,76.68
52.55,52.55,88.62,27.77,74.49
53.68,53.68,90.42,29.04,71.55
54.65,54.65,86.50,33.69,70.10
56.47,56.47,74.22,45.30,66.24
54.14,54.14,71.23,58.09,66.57
51.20,51.20,79.38,65.48,68.33
51.34,51.34,77.19,61.25,70.44
48.04,48.04,80.91,65.93,76.53
44.96,44.96,81.43,67.51,75.26
45.73,45.73,79.46,61.67,77.25
41.59,41.59,76.52,64.66,76.56
43.57,43.57,83.17,65.41,77.79
43.99,43.99,79.37,63.81,76.83
44.89,44.89,81.97,65.88,79.84
40.85,40.85,83.55,73.03,76.07
37.18,37.18,77.78,71.30,75.44
34.88,34.88,80.83,68.48,76.66
36.58,36.58,88.57,63.89,78.74
32.97,32.97,89.50,60.25,73.78
35.60,35.60,88.46,53.60,75.18
44.08,44.08,90.08,36.85,72.66
43.97,43.97,88.91,26.06,64.09
45.67,45.67,89.83,22.83,58.19
45.45,45.45,89.72,31.97,61.89
44.51,44.51,87.12,39.22,60.50
44.24,44.24,76.65,44.57,64.14
41.79,41.79,68.90,57.49,65.65
37.12,37.12,79.36,65.23,63.44
40.24,40.24,78.87,67.31,66.89
43.86,43.86,81.85,68.56,71.79
42.58,42.58,81.79,63.54,74.13
39.51,39.51,81.55,61.54,78.76
35.86,35.86,78.00,59.78,77.90
33.46,33.46,82.88,61.97,77.30
29.63,29.63,79.68,59.91,76.93
30.69,30.69,85.25,61.60,75.96
34.24,34.24,83.37,67.09,72.09
31.37,31.37,79.24,69.15,67.78
24.48,24.48,81.53,61.31,64.26
24.87,24.87,88.10,59.37,72.57
26.80,26.80,90.13,47.17,76.27
38.59,38.59,88.97,44.25,74.63
42.32,42.32,88.17,30.76,75.86
40.61,40.61,90.13,25.57,77.21
40.78,40.78,89.86,25.35,78.57
42.27,42.27,88.31,23.82,78.62
44.26,44.26,87.71,30.16,78.67
41.20,41.20,78.69,42.14,80.35
39.42,39.42,70.53,54.12,80.39
41.26,41.26,75.71,63.32,78.11
46.40,46.40,78.31,66.53,77.56
54.58,54.58,80.96,67.16,77.70
52.10,52.10,80.87,66.86,76.72
43.42,43.42,82.11,63.26,72.83
34.11,34.11,80.01,60.98,76.26
34.09,34.09,78.39,60.57,74.59
29.51,29.51,80.95,58.59,77.92
34.63,34.63,83.48,63.14,75.02
32.68,32.68,81.53,68.72,75.87
31.24,31.24,81.15,70.69,75.37
26.33,26.33,80.54,67.91,73.05
31.87,31.87,87.10,64.47,74.51
29.88,29.88,87.99,54.41,72.82
24.51,24.51,89.76,45.45,68.48
32.90,32.90,89.98,34.54,65.04
43.48,43.48,90.37,31.00,59.92
51.59,51.59,88.61,25.18,60.80
53.54,53.54,88.72,27.06,61.07
56.83,56.83,90.42,32.50,63.15
56.07,56.07,77.51,36.03,61.60
52.25,52.25,73.31,48.92,63.08
48.82,48.82,77.54,58.92,62.09
33.15,33.15,80.66,60.23,64.70
28.60,28.60,79.92,64.72,69.70
24.63,24.63,82.32,61.63,70.27
26.28,26.28,83.34,56.50,69.92
37.59,37.59,80.51,47.46,68.67
40.90,40.90,81.92,51.27,67.69
38.37,38.37,82.41,53.44,66.24
39.77,39.77,84.01,57.06,65.47
41.45,41.45,82.90,59.56,65.25
36.86,36.86,84.37,61.80,62.81
28.91,28.91,80.74,60.92,61.65
18.04,18.04,87.78,58.05,70.75
24.26,24.26,88.95,49.25,72.00
31.27,31.27,89.05,41.94,73.71
32.63,32.63,88.28,29.37,74.10
31.82,31.82,88.89,25.14,74.23
26.05,26.05,87.70,27.37,73.36
23.70,23.70,91.17,28.50,73.01
23.63,23.63,88.39,35.76,75.93
26.09,26.09,78.25,43.70,77.72
31.56,31.56,73.77,51.42,76.69
35.53,35.53,72.01,61.42,75.76
35.23,35.23,80.06,65.74,74.97
33.00,33.00,81.14,61.49,76.81
26.67,26.67,81.89,61.04,76.11
22.19,22.19,85.11,57.78,74.61
23.90,23.90,78.76,54.43,76.66
26.26,26.26,79.51,60.04,74.63
24.27,24.27,83.96,63.37,77.17
22.87,22.87,81.57,61.54,77.21
23.98,23.98,80.98,65.02,77.84
14.13,14.13,83.75,63.96,75.79
15.79,15.79,79.43,65.54,76.96
22.81,22.81,87.56,64.64,78.73
23.24,23.24,87.79,55.11,78.08
16.90,16.90,90.19,48.36,73.25
15.80,15.80,87.84,40.40,74.12
21.94,21.94,89.91,35.40,75.51
28.70,28.70,90.17,35.49,75.53
29.21,29.21,90.14,36.34,76.74
29.65,29.65,88.49,36.29,76.03
27.69,27.69,82.55,44.48,74.33
25.02,25.02,74.20,53.69,70.46
16.76,16.76,72.55,59.08,66.70
7.33,7.33,80.41,64.20,64.15
10.61,10.61,79.28,62.03,69.15
16.70,16.70,82.49,57.13,73.85
11.82,11.82,84.73,56.67,79.35
12.04,12.04,74.32,52.26,79.14
14.31,14.31,79.49,58.33,77.73
16.62,16.62,85.41,63.60,76.36
17.45,17.45,79.98,61.54,74.35
18.62,18.62,82.05,61.51,75.10
12.85,12.85,86.64,61.81,69.71
4.44,4.44,81.26,61.29,70.97
5.31,5.31,86.50,61.53,72.08
3.80,3.80,88.47,58.34,74.93
6.43,6.43,89.83,52.45,74.49
13.89,13.89,89.21,44.16,75.21
17.66,17.66,89.38,36.64,75.77
18.73,18.73,89.44,33.52,74.85
18.76,18.76,88.43,33.24,75.62
20.33,20.33,88.60,34.07,74.63
18.99,18.99,85.75,34.88,73.85
20.98,20.98,72.65,44.65,74.73
16.35,16.35,74.34,55.06,73.05
16.87,16.87,80.16,61.07,71.55
17.13,17.13,79.62,57.69,72.80
12.60,12.60,83.48,56.88,71.42
11.98,11.98,85.04,54.91,69.79
12.69,12.69,77.07,49.98,69.79
10.58,10.58,77.37,54.03,69.88
10.81,10.81,85.28,61.35,66.44
14.45,14.45,79.17,62.51,65.68
14.35,14.35,81.32,57.75,63.41
9.93,9.93,86.76,60.65,61.65
4.49,4.49,81.65,58.89,57.05
3.35,3.35,85.14,60.18,55.96
3.88,3.88,89.12,55.68,63.72
1.77,1.77,90.72,51.88,56.82
4.41,4.41,87.42,46.03,52.43
18.59,18.59,89.98,38.58,53.38
25.22,25.22,89.06,33.52,55.02
31.10,31.10,88.96,32.43,54.13
33.73,33.73,90.89,33.37,56.44
34.74,34.74,86.62,37.08,57.81
28.52,28.52,74.04,43.40,58.15
21.29,21.29,70.88,57.68,57.53
24.77,24.77,81.18,64.77,58.34
27.58,27.58,78.56,64.10,73.53
24.37,24.37,83.05,60.04,79.32
18.31,18.31,84.39,59.08,79.15
24.55,24.55,76.86,55.10,80.30
22.33,22.33,76.32,54.16,81.12
16.43,16.43,84.23,61.75,80.21
20.06,20.06,79.11,62.20,77.67
22.51,22.51,81.77,56.02,77.88
21.47,21.47,85.84,55.41,76.42
16.39,16.39,83.81,57.36,74.08
14.55,14.55,83.17,57.69,72.24
13.83,13.83,89.22,54.95,72.30
22.35,22.35,89.65,51.60,73.63
25.73,25.73,87.71,44.59,74.06
23.40,23.40,89.48,36.77,73.69
23.64,23.64,88.99,33.04,73.57
23.86,23.86,90.73,34.10,73.75
24.36,24.36,89.57,34.38,74.77
26.06,26.06,87.33,38.27,76.96
24.33,24.33,76.70,37.02,75.44
21.59,21.59,70.80,48.18,75.20
23.88,23.88,80.09,55.20,76.65
28.50,28.50,79.45,51.75,75.02
29.45,29.45,82.81,51.35,70.83
23.64,23.64,82.80,44.90,70.03
16.19,16.19,81.02,40.06,68.45
10.68,10.68,74.84,41.68,66.99
14.05,14.05,83.96,47.09,66.91
15.56,15.56,80.64,48.11,67.64
14.74,14.74,85.41,38.88,65.36
14.01,14.01,85.68,26.16,64.54
10.40,10.40,84.04,39.03,63.31
13.99,13.99,82.66,47.00,62.55
12.90,12.90,83.93,45.54,65.66
12.57,12.57,82.71,38.10,64.55
12.34,12.34,83.18,33.49,59.19
19.24,19.24,82.49,30.31,62.07
20.97,20.97,80.38,31.42,56.81
23.41,23.41,78.03,30.05,58.95
19.12,19.12,81.72,40.57,62.01
21.22,21.22,78.95,48.16,63.69
23.31,23.31,73.98,46.66,66.60
26.35,26.35,79.47,43.04,63.69
20.14,20.14,76.67,40.88,59.71
19.13,19.13,85.93,42.17,64.39
15.46,15.46,86.34,46.46,68.18
9.37,9.37,85.11,47.87,66.54
10.52,10.52,77.73,46.93,66.96
11.21,11.21,81.18,45.98,65.88
17.38,17.38,81.17,44.32,64.99
17.52,17.52,82.26,44.54,66.49
14.77,14.77,83.31,47.62,67.48
17.96,17.96,82.59,46.21,67.44
24.03,24.03,79.87,43.85,63.66
12.93,12.93,81.55,46.70,59.26
14.41,14.41,82.84,60.23,61.10
20.10,20.10,78.42,67.46,70.19
22.17,22.17,78.18,70.78,68.33
22.11,22.11,78.32,70.52,62.69
26.29,26.29,77.90,68.33,56.97
23.25,23.25,79.96,66.16,57.75
24.98,24.98,76.87,66.58,62.87
22.79,22.79,81.69,65.63,66.79
29.18,29.18,72.54,63.30,66.56
22.57,22.57,75.75,62.25,62.13
14.03,14.03,69.70,60.23,59.48
15.37,15.37,69.30,65.16,65.00
9.68,9.68,80.57,69.97,70.95
8.44,8.44,82.19,71.19,71.27
12.87,12.87,78.33,68.47,69.53
13.79,13.79,69.89,62.17,67.96
11.82,11.82,73.01,59.21,65.20
15.11,15.11,73.40,70.80,69.79
19.02,19.02,72.67,77.51,65.94
17.29,17.29,66.42,79.73,65.65
10.76,10.76,67.35,79.01,65.94
6.32,6.32,70.88,76.24,65.63
10.57,10.57,70.72,75.12,66.30
12.22,12.22,73.93,75.44,66.17
10.41,10.41,75.65,69.56,63.31
16.61,16.61,74.20,65.81,58.48
21.03,21.03,66.19,60.71,55.97
18.47,18.47,61.49,52.30,56.03
18.35,18.35,68.08,63.66,66.13
18.12,18.12,67.11,76.47,68.63
19.65,19.65,64.31,75.10,68.06
20.34,20.34,57.29,70.54,62.96
19.59,19.59,57.58,56.81,60.74
14.61,14.61,62.83,68.69,62.03
13.78,13.78,66.68,74.93,74.28
10.93,10.93,66.61,75.22,75.25
17.82,17.82,66.47,71.87,72.71
19.04,19.04,66.62,69.20,68.60
16.65,16.65,57.85,58.98,66.99
16.86,16.86,51.87,71.52,68.26
19.51,19.51,54.46,79.06,68.58
21.19,21.19,51.85,78.54,66.27
18.61,18.61,52.60,73.10,64.75
15.54,15.54,54.60,64.26,62.51
12.98,12.98,61.51,64.07,65.85
11.47,11.47,68.90,77.53,73.20
9.26,9.26,58.96,77.82,64.38
16.06,16.06,55.30,75.30,62.76
18.20,18.20,49.41,68.84,58.10
18.94,18.94,51.12,60.53,58.12
34.93,34.93,56.32,67.33,62.21
42.21,42.21,58.96,81.96,63.00
38.49,38.49,52.69,81.16,65.03
26.01,26.01,47.75,76.99,63.33
15.67,15.67,44.72,66.94,59.37
11.45,11.45,48.76,63.62,65.18
19.33,19.33,52.43,78.83,73.97
14.65,14.65,52.36,78.63,73.97
15.95,15.95,52.00,76.81,73.19
17.63,17.63,44.01,67.50,68.66
18.58,18.58,45.14,58.04,69.12
18.06,18.06,51.19,66.13,70.51
16.89,16.89,50.28,69.86,70.59
17.06,17.06,47.82,65.15,70.18
24.30,24.30,50.32,63.66,67.15
49.02,49.02,50.76,60.29,65.92
57.06,57.06,52.52,55.85,62.65
57.78,57.78,56.93,61.38,63.21
51.97,51.97,60.94,64.76,61.07
30.87,30.87,50.80,53.07,60.51
24.48,24.48,49.88,47.92,54.62
29.85,29.85,47.01,42.15,54.91
31.14,31.14,48.60,47.97,55.21
34.12,34.12,52.12,61.48,58.64
34.74,34.74,50.30,58.26,57.41
31.62,31.62,50.19,57.28,55.57
22.34,22.34,46.09,51.53,55.01
17.68,17.68,40.96,48.46,55.86
21.40,21.40,54.16,45.27,71.51
22.71,22.71,50.81,45.20,70.36
24.63,24.63,54.44,53.83,70.34
27.52,27.52,50.06,54.53,69.48
31.27,31.27,45.32,48.76,68.59
33.99,33.99,53.96,44.55,67.93
39.99,39.99,45.60,42.53,70.47
38.25,38.25,51.92,41.88,68.86
41.08,41.08,47.05,42.75,67.47
44.28,44.28,39.00,38.94,66.83
46.63,46.63,44.24,34.51,61.91
64.08,64.08,56.32,28.22,71.79
70.07,70.07,54.50,34.91,70.84
68.54,68.54,49.03,36.46,71.25
68.09,68.09,46.92,28.31,70.27
69.17,69.17,46.64,30.44,70.80
70.56,70.56,47.25,26.73,70.58
69.77,69.77,46.82,35.64,68.98
62.29,62.29,48.11,35.90,62.55
59.83,59.83,43.58,33.94,60.02
58.99,58.99,47.93,27.30,59.71
63.10,63.10,59.59,32.18,64.85
62.64,62.64,58.43,37.55,67.23
71.03,71.03,53.98,38.25,75.74
72.12,72.12,51.47,34.06,76.64
71.26,71.26,48.25,32.62,77.40
68.96,68.96,44.75,24.94,76.93
67.56,67.56,40.51,25.38,77.70
68.16,68.16,40.61,37.11,78.14
67.95,67.95,41.82,39.73,77.10
65.69,65.69,42.41,40.31,74.07
58.23,58.23,39.30,37.24,69.25
55.52,55.52,44.20,35.52,66.35
62.35,62.35,60.60,35.41,73.55
70.06,70.06,57.78,40.32,75.36
70.11,70.11,55.60,36.69,75.19
68.42,68.42,53.63,25.21,73.89
69.13,69.13,53.14,25.00,73.70
69.62,69.62,50.02,23.98,73.79
70.13,70.13,47.70,24.56,73.11
68.12,68.12,43.84,25.32,70.23
70.31,70.31,39.10,25.02,73.36
68.27,68.27,37.70,17.55,74.64
55.32,55.32,38.46,23.58,74.39
49.05,49.05,46.41,33.27,74.26
53.41,53.41,47.17,35.37,74.05
56.93,56.93,48.48,25.86,69.39
55.66,55.66,54.14,19.96,67.31
59.48,59.48,55.46,18.66,66.29
57.14,57.14,53.72,21.68,62.82
63.18,63.18,47.79,26.70,67.60
71.12,71.12,44.81,23.56,73.67
70.07,70.07,41.51,17.52,73.34
70.52,70.52,44.65,23.42,71.43
72.23,72.23,48.33,24.90,71.86
72.78,72.78,58.21,31.61,73.10
74.63,74.63,62.49,36.92,75.42
72.35,72.35,56.58,27.84,75.15
72.79,72.79,52.73,27.11,75.13
72.84,72.84,47.83,19.32,75.38
72.31,72.31,45.46,22.83,74.40
73.40,73.40,46.92,17.98,74.94
71.58,71.58,48.01,21.18,73.69
70.16,70.16,42.96,16.61,71.63
60.02,60.02,39.02,18.80,63.41
48.44,48.44,39.07,17.36,59.94
50.66,50.66,48.41,33.40,63.27
64.95,64.95,49.62,31.66,75.09
61.83,61.83,42.69,27.43,75.35
65.31,65.31,41.72,22.78,76.68
66.26,66.26,40.64,17.63,75.54
66.25,66.25,40.08,16.82,75.72
65.02,65.02,40.51,21.81,74.46
66.10,66.10,40.03,20.94,74.20
65.46,65.46,38.51,26.40,75.99
68.07,68.07,38.75,37.99,76.23
69.07,69.07,40.88,48.77,75.47
68.65,68.65,47.44,68.97,74.28
68.64,68.64,51.27,78.41,75.77
66.34,66.34,46.61,72.12,74.17
66.33,66.33,42.18,70.99,73.55
67.64,67.64,40.20,60.06,72.26
68.78,68.78,39.60,51.93,73.54
66.22,66.22,40.50,70.38,72.35
63.51,63.51,39.06,75.14,72.37
64.03,64.03,36.77,73.96,72.27
66.65,66.65,35.48,70.07,70.45
68.36,68.36,38.13,59.09,72.54
66.97,66.97,44.15,65.69,70.72
65.44,65.44,45.25,70.89,71.19
65.93,65.93,44.00,77.34,72.42
65.59,65.59,44.40,73.30,70.29
66.71,66.71,45.04,61.16,71.87
68.85,68.85,46.61,60.70,71.00
69.52,69.52,44.37,69.98,70.44
68.85,68.85,42.87,71.61,68.59
65.62,65.62,40.19,72.17,65.78
62.86,62.86,39.73,65.07,62.20
57.35,57.35,42.17,59.32,63.65
51.34,51.34,49.36,61.47,62.02
58.59,58.59,60.93,77.15,66.18
56.91,56.91,47.72,81.26,63.18
54.44,54.44,46.00,74.31,58.90
51.88,51.88,45.57,66.71,52.00
49.42,49.42,46.85,60.02,52.75
57.69,57.69,52.01,65.24,59.69
54.30,54.30,50.40,78.13,59.49
53.61,53.61,47.71,76.25,57.67
55.35,55.35,42.24,74.56,54.50
48.25,48.25,38.09,62.79,58.38
43.45,43.45,45.76,60.76,62.54
45.67,45.67,51.33,76.37,70.80
47.08,47.08,44.75,77.76,71.53
43.56,43.56,41.02,74.23,69.58
54.20,54.20,42.68,70.04,67.50
57.26,57.26,45.81,64.51,66.65
56.07,56.07,41.48,60.74,64.64
40.74,40.74,42.19,82.31,67.77
39.93,39.93,41.16,78.80,66.24
41.09,41.09,43.88,79.59,65.57
38.41,38.41,46.47,74.43,63.80
38.48,38.48,53.53,73.52,64.40
45.05,45.05,61.37,77.98,67.62
40.58,40.58,51.52,79.10,69.61
42.00,42.00,47.18,76.39,61.83
47.09,47.09,43.03,66.62,59.37
54.65,54.65,44.71,59.87,53.05
46.69,46.69,51.01,64.72,58.32
56.12,56.12,52.97,78.71,62.00
58.89,58.89,49.79,77.23,64.92
50.22,50.22,43.97,69.60,57.32
48.68,48.68,40.97,59.47,56.08
48.43,48.43,42.78,57.74,55.64
51.10,51.10,56.89,74.75,71.43
45.51,45.51,50.31,68.20,70.51
49.09,49.09,48.46,68.22,70.82
49.61,49.61,45.85,59.57,67.55
41.78,41.78,47.52,55.17,67.11
52.17,52.17,49.19,65.96,63.19
56.91,56.91,56.31,75.44,65.89
53.42,53.42,54.96,77.60,66.24
44.57,44.57,49.97,70.86,64.11
32.53,32.53,48.15,63.90,59.69
30.18,30.18,52.30,60.41,59.04
38.23,38.23,65.26,75.46,68.73
37.14,37.14,59.28,78.48,63.89
41.20,41.20,53.58,78.77,63.52
43.83,43.83,46.89,78.82,57.76
64.93,64.93,47.19,71.26,54.34
57.64,57.64,50.67,64.86,53.98
52.90,52.90,56.66,80.53,53.99
53.82,53.82,50.35,76.27,52.11
46.02,46.02,47.55,75.81,53.19
42.88,42.88,42.66,62.70,46.25
37.72,37.72,41.28,52.76,51.74
48.63,48.63,54.78,68.78,68.10
45.83,45.83,47.70,75.80,69.35
48.00,48.00,45.91,75.11,68.40
47.96,47.96,47.41,66.93,67.94
54.57,54.57,50.74,61.52,67.26
50.71,50.71,52.90,61.59,67.02
44.23,44.23,53.23,76.77,67.90
47.69,47.69,53.23,74.36,68.09
44.97,44.97,52.55,76.00,66.27
40.08,40.08,52.91,70.80,63.51
42.03,42.03,50.30,66.99,61.22
39.87,39.87,57.21,57.59,58.53
43.12,43.12,61.85,60.29,57.47
36.12,36.12,52.48,57.35,54.03
39.89,39.89,50.60,50.87,53.40
40.78,40.78,49.63,53.93,54.92
43.28,43.28,49.50,54.18,51.23
44.86,44.86,51.77,59.05,48.04
48.39,48.39,52.48,57.81,54.88
44.38,44.38,47.26,52.54,53.51
42.72,42.72,47.07,53.64,52.42
36.69,36.69,43.57,44.66,52.20
38.63,38.63,53.42,57.36,63.59
39.91,39.91,53.53,54.81,68.54
39.62,39.62,51.33,54.64,67.84
41.03,41.03,50.95,51.38,67.09
38.50,38.50,50.69,46.46,65.10
40.66,40.66,51.11,47.42,64.47
44.33,44.33,53.29,54.26,64.12
48.50,48.50,53.22,48.87,64.22
54.07,54.07,53.14,51.00,64.24
54.72,54.72,53.15,47.54,62.80
52.03,52.03,53.05,50.21,57.99
51.80,51.80,60.08,48.82,52.27
49.45,49.45,58.55,44.03,47.36
45.53,45.53,48.54,39.79,40.37
41.84,41.84,50.65,34.42,34.89
42.52,42.52,51.96,31.30,33.47
42.41,42.41,50.63,29.17,33.88
44.46,44.46,50.91,36.47,35.70
44.09,44.09,49.38,35.98,37.20
43.10,43.10,46.96,37.08,37.87
42.95,42.95,51.23,32.46,44.85
40.04,40.04,48.59,30.80,49.34
39.75,39.75,54.47,37.29,61.88
45.90,45.90,51.81,38.93,70.07
45.90,45.90,50.36,37.07,69.95
46.04,46.04,50.38,31.50,70.58
45.98,45.98,51.70,24.63,70.02
46.36,46.36,51.31,20.27,69.00
45.17,45.17,53.04,36.40,67.52
41.82,41.82,53.89,36.62,66.40
41.64,41.64,53.88,34.14,63.93
45.36,45.36,55.32,34.72,62.21
46.74,46.74,54.20,29.74,58.24
46.35,46.35,60.94,35.63,57.66
45.72,45.72,58.16,41.38,54.89
45.25,45.25,52.55,32.74,52.80
44.77,44.77,51.06,31.22,47.78
42.54,42.54,51.59,28.75,46.09
41.46,41.46,51.18,27.94,44.27
43.72,43.72,52.10,26.86,42.18
42.76,42.76,48.01,25.35,41.23
43.11,43.11,46.97,24.20,42.98
45.51,45.51,45.79,23.92,48.04
42.50,42.50,44.17,25.22,50.33
42.31,42.31,52.91,30.68,61.95
43.02,43.02,53.75,36.22,69.54
40.64,40.64,49.71,28.67,69.79
40.45,40.45,49.02,28.11,69.61
39.05,39.05,48.54,22.62,67.23
35.99,35.99,48.46,19.41,64.83
36.25,36.25,48.79,27.69,63.27
39.88,39.88,52.92,24.93,64.48
42.74,42.74,53.41,25.77,63.84
40.75,40.75,54.05,24.17,61.01
36.69,36.69,53.52,26.79,60.48
41.01,41.01,58.26,32.60,58.72
44.82,44.82,65.46,40.30,55.91
39.29,39.29,57.04,29.07,51.26
38.25,38.25,54.33,33.06,45.68
38.76,38.76,52.71,35.23,43.26
41.99,41.99,53.62,35.61,42.72
42.76,42.76,54.16,34.86,41.74
44.75,44.75,57.17,35.91,42.10
42.42,42.42,53.18,33.44,41.00
40.81,40.81,50.73,31.65,42.24
36.72,36.72,46.11,29.81,44.51
30.51,30.51,50.81,31.99,53.85
25.32,25.32,55.13,40.90,68.06
29.77,29.77,47.81,29.96,69.50
28.52,28.52,46.40,24.69,69.74
27.77,27.77,47.25,26.56,68.87
29.46,29.46,46.65,26.45,67.08
28.68,28.68,45.96,29.00,65.19
36.21,36.21,47.92,29.54,65.25
41.41,41.41,48.55,36.12,64.19
49.16,49.16,42.82,42.82,62.41
53.54,53.54,37.70,51.42,60.39
59.87,59.87,44.43,66.29,66.20
67.68,67.68,48.04,74.71,82.36
77.91,77.91,49.02,69.39,81.19
71.74,71.74,49.60,67.56,80.04
61.67,61.67,39.30,61.33,69.92
62.91,62.91,36.44,56.58,66.32
70.37,70.37,42.69,68.38,74.55
73.09,73.09,49.60,77.55,79.84
70.94,70.94,52.84,73.88,78.13
66.74,66.74,48.05,67.62,70.58
62.60,62.60,51.61,55.10,71.25
59.36,59.36,51.19,57.42,71.02
70.40,70.40,58.99,77.28,77.45
71.91,71.91,62.96,77.69,78.79
70.46,70.46,61.29,71.84,76.75
63.67,63.67,52.72,63.60,69.12
58.73,58.73,47.08,58.71,69.21
67.86,67.86,57.40,67.02,74.23
69.97,69.97,63.43,77.23,77.47
69.30,69.30,62.61,77.80,77.81
64.54,64.54,59.71,72.17,70.51
57.00,57.00,51.56,63.88,64.42
62.50,62.50,53.86,54.60,69.06
70.23,70.23,66.61,76.59,77.41
70.15,70.15,67.31,75.19,77.77
67.45,67.45,65.67,73.41,75.93
54.99,54.99,51.82,67.36,65.61
60.10,60.10,52.36,58.80,64.78
66.60,66.60,61.16,60.30,71.37
68.87,68.87,68.16,78.92,76.74
68.50,68.50,64.33,73.53,76.80
64.62,64.62,62.35,66.81,70.46
57.54,57.54,51.12,69.24,63.52
61.21,61.21,55.46,64.81,65.70
70.65,70.65,64.12,76.88,77.62
69.50,69.50,65.29,75.68,78.58
67.40,67.40,63.52,74.48,75.64
57.12,57.12,56.02,67.46,68.97
59.50,59.50,52.66,63.50,67.77
64.71,64.71,62.12,60.84,72.13
66.25,66.25,66.46,71.06,77.02
65.51,65.51,67.86,69.33,75.16
62.12,62.12,62.56,71.05,68.86
55.74,55.74,55.31,68.04,61.27
60.80,60.80,57.61,66.56,65.43
67.41,67.41,69.97,72.48,74.15
67.62,67.62,71.80,74.21,75.88
66.94,66.94,70.17,71.88,74.81
55.59,55.59,54.95,59.81,62.98
55.49,55.49,58.43,54.73,63.17
63.79,63.79,66.43,58.15,67.77
64.69,64.69,71.41,75.55,74.15
64.49,64.49,71.57,70.62,74.21
58.94,58.94,67.59,67.62,73.78
52.13,52.13,56.10,67.35,69.38
56.77,56.77,59.79,60.60,66.57
67.00,67.00,69.63,78.72,74.18
66.25,66.25,71.95,76.50,75.30
64.59,64.59,70.71,70.60,73.95
56.39,56.39,63.01,72.73,70.31
57.13,57.13,61.91,65.75,68.14
60.10,60.10,65.37,58.25,68.29
64.65,64.65,73.48,77.07,74.24
64.44,64.44,72.44,77.15,72.63
61.45,61.45,68.59,76.02,67.46
57.16,57.16,59.21,67.94,59.64
58.70,58.70,59.79,63.49,60.87
65.59,65.59,70.20,72.70,68.44
67.55,67.55,74.87,74.37,72.70
66.10,66.10,72.23,72.71,71.72
58.18,58.18,64.50,71.04,65.47
56.20,56.20,59.96,54.99,63.87
58.95,58.95,64.02,53.47,65.33
63.43,63.43,71.97,80.62,72.29
63.41,63.41,73.26,80.85,72.77
61.89,61.89,69.65,72.49,70.64
55.21,55.21,60.49,74.30,65.99
55.41,55.41,60.65,69.05,65.58
61.61,61.61,71.88,73.66,69.52
62.73,62.73,73.98,66.62,72.34
60.07,60.07,72.43,77.97,70.00
53.56,53.56,66.23,75.53,67.94
51.29,51.29,65.64,63.40,65.85
51.45,51.45,66.26,60.36,63.06
52.93,52.93,77.66,75.44,69.71
53.32,53.32,78.10,75.53,72.59
53.27,53.27,74.90,78.05,68.70
50.67,50.67,64.92,72.67,60.54
49.09,49.09,65.85,73.50,61.18
51.67,51.67,71.49,67.63,65.27
54.34,54.34,77.39,59.82,71.15
57.30,57.30,77.74,56.84,70.69
52.39,52.39,70.38,55.00,64.16
46.88,46.88,65.14,47.81,59.85
50.72,50.72,66.32,41.68,61.00
58.20,58.20,76.33,52.60,72.14
56.82,56.82,77.73,48.87,72.62
57.14,57.14,75.46,46.45,68.66
49.67,49.67,64.25,44.42,61.72
48.56,48.56,62.02,41.82,58.43
52.53,52.53,70.57,52.39,67.38
50.08,50.08,74.29,49.79,71.57
52.31,52.31,74.24,48.29,71.27
52.87,52.87,70.97,39.97,67.76
48.98,48.98,63.74,46.89,65.54
50.68,50.68,62.44,41.01,64.56
54.03,54.03,72.02,46.11,70.42
54.13,54.13,74.21,41.72,72.62
58.02,58.02,74.45,40.98,71.84
51.59,51.59,64.51,45.05,64.25
53.30,53.30,63.91,42.81,62.75
56.87,56.87,68.32,43.95,66.92
54.38,54.38,72.37,42.01,67.19
45.94,45.94,74.41,36.97,65.03
47.77,47.77,71.29,39.57,60.58
44.25,44.25,63.10,31.60,53.90
45.77,45.77,56.30,35.06,51.68
51.50,51.50,58.78,40.82,56.13
51.73,51.73,61.55,38.64,56.32
53.53,53.53,64.56,36.17,59.03
50.60,50.60,57.24,34.99,54.56
45.50,45.50,51.61,26.68,48.75
43.94,43.94,57.50,34.26,57.20
45.79,45.79,60.86,39.83,66.66
42.97,42.97,61.16,35.86,67.22
44.00,44.00,60.55,33.34,67.09
41.48,41.48,59.54,30.85,64.73
41.26,41.26,59.14,27.40,63.30
40.60,40.60,57.43,30.16,61.86
38.29,38.29,56.01,39.48,58.90
41.77,41.77,58.21,36.07,57.54
41.60,41.60,57.80,33.17,57.24
37.54,37.54,55.30,33.03,58.14
39.98,39.98,61.12,37.99,60.72
31.48,31.48,62.43,41.63,57.87
35.07,35.07,59.57,32.72,58.24
35.49,35.49,57.35,25.58,54.66
37.72,37.72,57.32,26.02,53.84
37.21,37.21,53.77,30.34,49.80
39.74,39.74,52.17,26.73,47.16
41.42,41.42,51.66,27.03,48.10
39.99,39.99,50.67,27.21,50.78
38.79,38.79,49.92,21.79,51.25
30.23,30.23,46.47,21.16,48.32
30.05,30.05,52.11,28.33,54.92
30.05,30.05,57.80,33.17,67.90
28.48,28.48,57.71,31.81,68.68
29.32,29.32,56.84,26.42,68.32
29.55,29.55,55.85,19.90,66.41
28.45,28.45,57.02,19.87,66.20
32.50,32.50,56.33,19.37,64.42
34.61,34.61,56.92,23.60,62.27
35.75,35.75,56.83,22.52,62.81
33.72,33.72,55.86,20.73,62.11
41.69,41.69,53.17,24.67,61.28
53.93,53.93,65.05,35.27,64.81
67.97,67.97,78.57,39.51,72.73
63.27,63.27,75.42,37.69,72.80
58.41,58.41,72.25,36.46,70.18
47.39,47.39,62.84,32.92,60.65
49.45,49.45,61.58,33.88,62.99
53.82,53.82,66.57,35.76,69.63
55.96,55.96,73.32,37.25,75.25
58.42,58.42,74.80,33.57,76.99
50.98,50.98,66.65,36.37,69.11
49.82,49.82,60.69,30.01,63.00
47.25,47.25,63.37,27.71,65.77
56.21,56.21,72.53,35.45,74.87
58.62,58.62,74.26,32.07,76.08
59.40,59.40,72.29,31.62,73.78
48.07,48.07,64.38,27.56,67.61
49.97,49.97,62.85,22.84,65.98
54.67,54.67,71.91,35.37,71.72
54.14,54.14,78.71,38.59,73.89
54.31,54.31,78.77,33.31,72.11
55.89,55.89,72.54,42.53,65.93
48.33,48.33,63.98,47.73,63.29
54.15,54.15,58.57,57.49,66.44
57.54,57.54,71.63,81.68,75.25
55.41,55.41,77.03,77.49,75.58
55.35,55.35,75.52,76.07,73.00
48.84,48.84,64.72,71.85,62.60
45.53,45.53,62.92,67.95,61.08
50.24,50.24,68.59,63.58,67.50
54.57,54.57,73.51,79.73,72.35
54.22,54.22,73.62,75.14,72.03
49.14,49.14,67.21,77.98,68.43
42.62,42.62,60.13,72.96,61.78
48.84,48.84,63.66,67.16,65.20
52.79,52.79,70.60,78.00,73.82
54.82,54.82,72.60,78.17,77.26
51.56,51.56,72.09,77.91,71.96
47.62,47.62,66.96,77.53,64.70
46.10,46.10,61.99,66.46,62.87
46.99,46.99,67.78,62.02,68.57
52.16,52.16,73.15,79.20,72.34
51.45,51.45,74.04,76.15,71.38
46.90,46.90,69.95,79.14,66.99
42.65,42.65,60.00,73.44,60.88
41.12,41.12,64.08,66.21,62.61
51.95,51.95,72.75,76.72,71.57
50.97,50.97,74.98,73.09,72.96
50.56,50.56,73.93,72.78,71.59
49.88,49.88,63.43,79.17,61.72
46.49,46.49,63.14,70.32,61.92
45.15,45.15,67.19,66.75,65.21
48.21,48.21,75.30,79.68,71.15
47.13,47.13,76.16,78.10,71.06
45.13,45.13,71.99,74.84,68.52
36.91,36.91,58.94,70.25,58.16
43.44,43.44,66.63,59.75,61.19
53.96,53.96,73.65,76.60,71.29
54.08,54.08,74.14,77.94,72.17
51.76,51.76,75.46,80.47,70.49
48.81,48.81,66.69,77.39,62.49
43.90,43.90,64.86,68.51,63.18
42.94,42.94,70.31,59.34,64.58
47.82,47.82,77.21,78.75,71.13
47.01,47.01,76.87,74.72,70.24
47.01,47.01,72.17,75.29,66.84
36.99,36.99,61.68,74.53,57.26
41.97,41.97,65.93,74.89,60.44
49.46,49.46,72.99,72.77,70.00
53.05,53.05,73.91,78.56,70.72
50.67,50.67,75.96,76.56,71.11
41.37,41.37,67.01,78.94,61.90
38.21,38.21,63.31,74.58,58.95
40.84,40.84,69.98,59.47,61.79
48.36,48.36,76.67,76.28,69.67
49.16,49.16,76.54,75.11,70.81
47.50,47.50,71.42,73.02,66.97
36.82,36.82,63.71,72.71,58.74
39.12,39.12,66.18,63.25,61.06
48.24,48.24,73.28,75.60,71.26
49.60,49.60,75.04,75.25,70.81
48.34,48.34,76.61,81.00,71.35
43.81,43.81,67.41,73.21,66.52
44.35,44.35,65.50,71.00,65.80
45.89,45.89,69.70,63.04,65.21
49.30,49.30,76.08,69.97,70.38
49.25,49.25,77.35,72.03,71.74
47.70,47.70,73.67,71.34,68.92
40.78,40.78,64.63,71.86,60.44
42.57,42.57,65.89,69.13,59.29
50.74,50.74,70.38,73.58,64.67
50.61,50.61,77.77,75.15,69.88
51.09,51.09,77.48,76.35,69.71
42.82,42.82,68.87,72.92,62.57
36.44,36.44,62.46,67.13,58.08
40.92,40.92,70.12,62.06,62.53
48.39,48.39,76.39,70.09,69.74
46.75,46.75,76.49,78.08,70.46
45.52,45.52,74.43,77.22,69.21
39.79,39.79,65.04,74.23,58.93
36.33,36.33,65.80,73.01,60.24
44.87,44.87,71.41,73.59,65.95
48.06,48.06,76.83,74.39,71.66
46.37,46.37,76.93,78.77,72.28
50.37,50.37,68.24,74.39,66.54
40.74,40.74,65.51,69.89,64.14
41.33,41.33,69.61,58.85,63.83
47.41,47.41,74.75,71.47,67.59
44.12,44.12,75.43,74.31,69.27
47.82,47.82,76.79,75.62,66.25
45.31,45.31,66.35,76.09,60.89
46.90,46.90,63.22,70.43,58.44
50.49,50.49,66.37,67.04,64.02
54.59,54.59,73.95,61.82,73.68
53.41,53.41,73.10,55.06,73.15
46.94,46.94,70.35,49.82,68.86
40.00,40.00,65.53,52.32,65.05
41.29,41.29,63.87,48.26,63.39
50.00,50.00,73.57,55.44,70.31
50.11,50.11,72.73,61.23,73.52
49.28,49.28,72.54,60.15,71.63
44.13,44.13,60.24,55.02,61.26
39.00,39.00,57.47,50.35,61.03
43.60,43.60,66.74,53.69,67.07
45.51,45.51,72.34,54.79,73.26
46.39,46.39,73.12,52.74,73.43
48.15,48.15,71.19,50.94,71.82
46.33,46.33,62.53,46.16,66.07
47.54,47.54,64.24,47.18,68.51
50.46,50.46,68.94,48.46,73.24
49.61,49.61,69.80,46.48,74.59
49.35,49.35,70.57,47.00,72.43
45.17,45.17,62.37,46.82,63.34
40.65,40.65,60.28,46.21,62.15
42.69,42.69,64.32,37.47,64.95
47.12,47.12,70.31,46.22,69.79
42.82,42.82,67.77,39.95,69.14
43.54,43.54,65.51,38.09,65.52
33.19,33.19,56.47,29.94,59.54
33.32,33.32,57.05,29.97,60.87
38.75,38.75,62.14,41.85,62.58
35.67,35.67,54.02,46.32,57.86
34.76,34.76,58.15,44.45,56.58
33.86,33.86,56.54,40.04,59.04
32.51,32.51,49.65,33.29,54.41
37.19,37.19,51.96,35.66,59.76
52.25,52.25,60.16,40.48,68.28
66.87,66.87,60.66,37.87,70.63
71.78,71.78,61.40,34.78,71.52
70.59,70.59,62.51,33.31,71.35
68.28,68.28,63.17,28.08,70.49
64.40,64.40,61.00,31.70,70.43
63.59,63.59,60.43,35.41,68.27
58.47,58.47,54.29,36.08,62.00
52.86,52.86,53.71,34.89,60.21
60.37,60.37,55.79,36.72,61.54
65.74,65.74,65.83,38.03,63.04
71.70,71.70,69.76,42.43,69.31
71.01,71.01,68.58,35.66,68.05
69.42,69.42,62.71,27.54,67.38
72.73,72.73,60.18,27.91,67.53
74.44,74.44,59.48,31.68,68.05
74.00,74.00,58.38,30.35,67.98
74.05,74.05,59.42,27.56,67.63
74.19,74.19,58.24,29.05,67.47
74.25,74.25,59.26,29.25,69.44
70.49,70.49,58.22,25.58,69.71
68.11,68.11,56.10,31.08,67.45
59.95,59.95,57.32,39.25,66.15
57.78,57.78,57.50,29.13,66.67
56.98,56.98,62.97,29.95,66.43
52.96,52.96,65.05,25.42,67.52
51.68,51.68,62.40,25.59,67.78
64.85,64.85,58.57,29.39,70.19
71.81,71.81,58.26,30.09,69.30
70.70,70.70,57.29,23.25,68.62
70.97,70.97,56.46,21.34,68.44
71.22,71.22,57.28,24.13,69.02
71.84,71.84,58.42,35.35,66.90
73.93,73.93,66.00,36.90,68.14
73.42,73.42,60.41,32.05,67.59
73.80,73.80,60.66,27.10,68.32
73.79,73.79,58.48,22.80,67.72
74.51,74.51,58.55,19.69,69.58
73.50,73.50,58.17,23.54,69.33
72.60,72.60,59.29,24.77,67.34
67.15,67.15,56.46,24.31,60.73
56.19,56.19,55.44,26.82,56.67
65.02,65.02,54.89,25.11,64.90
70.27,70.27,55.33,29.99,69.48
70.34,70.34,58.61,36.11,69.65
68.67,68.67,56.70,30.97,69.70
58.80,58.80,55.47,32.25,67.07
57.07,57.07,55.36,24.59,67.68
59.80,59.80,54.14,24.93,66.26
59.64,59.64,55.93,26.35,68.22
58.45,58.45,53.93,25.31,64.23
55.20,55.20,52.14,24.03,63.47
53.84,53.84,56.87,21.02,60.18
50.54,50.54,60.54,16.41,57.98
62.98,62.98,71.03,7.64,59.02
64.16,64.16,88.00,7.45,68.73
70.28,70.28,90.58,19.09,64.54
72.84,72.84,87.49,24.96,64.08
71.53,71.53,90.01,26.66,64.42
69.48,69.48,89.29,28.44,65.71
67.37,67.37,88.15,30.68,65.68
63.99,63.99,91.10,36.89,63.15
65.47,65.47,86.09,32.11,62.33
67.92,67.92,74.28,26.09,65.19
70.47,70.47,64.43,25.10,65.29
73.60,73.60,59.52,17.95,65.74
72.91,72.91,65.85,25.68,68.00
73.38,73.38,56.18,22.12,67.57
72.97,72.97,51.02,26.95,69.46
73.30,73.30,49.25,19.83,70.10
73.32,73.32,49.09,27.50,68.25
70.64,70.64,59.03,27.16,65.81
69.93,69.93,61.03,23.98,63.93
70.50,70.50,51.19,27.66,63.60
69.48,69.48,48.67,40.16,61.51
65.26,65.26,58.19,47.53,58.26
59.65,59.65,62.63,61.53,54.16
58.52,58.52,85.55,76.96,65.87
54.25,54.25,90.45,76.00,53.76
51.01,51.01,87.52,73.01,49.23
50.96,50.96,89.63,67.42,47.27
46.62,46.62,88.95,59.32,46.88
43.96,43.96,89.99,60.73,49.85
55.14,55.14,88.86,73.48,55.66
57.20,57.20,83.90,75.81,56.12
54.69,54.69,72.34,74.23,55.52
51.26,51.26,69.10,68.49,52.91
44.35,44.35,62.91,59.90,54.29
49.84,49.84,65.89,68.15,66.26
51.64,51.64,59.06,76.64,67.19
51.34,51.34,57.45,73.94,68.15
45.67,45.67,48.01,65.96,67.39
40.95,40.95,41.07,64.90,65.47
41.64,41.64,48.46,62.64,62.83
49.25,49.25,62.36,73.94,61.40
53.16,53.16,50.16,80.94,59.52
48.53,48.53,50.27,80.12,56.22
41.03,41.03,56.56,73.60,49.13
32.81,32.81,60.96,69.74,47.97
44.29,44.29,80.40,63.57,61.98
40.45,40.45,89.85,68.56,54.98
38.55,38.55,88.81,69.62,50.03
37.33,37.33,87.57,68.36,52.82
36.10,36.10,89.93,59.51,47.16
40.15,40.15,89.50,62.78,49.54
44.26,44.26,89.30,74.95,57.87
43.10,43.10,86.29,75.64,56.44
43.87,43.87,69.29,72.11,59.36
41.63,41.63,73.98,64.63,52.79
37.67,37.67,61.01,57.29,48.89
42.52,42.52,65.97,55.62,62.48
39.92,39.92,60.54,58.62,69.53
41.66,41.66,55.15,59.39,70.70
43.39,43.39,57.43,57.24,69.90
44.89,44.89,57.52,55.11,67.70
43.83,43.83,55.49,49.68,67.41
46.86,46.86,65.68,50.15,65.78
46.97,46.97,61.07,49.67,66.15
45.18,45.18,59.26,50.90,64.03
40.66,40.66,58.27,45.50,58.22
31.89,31.89,60.99,31.62,50.48
37.50,37.50,76.83,9.80,52.51
38.30,38.30,88.55,-0.00,51.52
31.04,31.04,88.86,1.97,45.27
35.65,35.65,88.22,14.46,45.68
38.30,38.30,89.59,21.90,44.24
41.71,41.71,87.93,22.37,47.60
48.91,48.91,88.95,21.63,47.69
49.39,49.39,90.06,25.91,51.35
46.38,46.38,80.29,34.58,52.57
39.33,39.33,70.87,29.01,49.99
37.91,37.91,58.54,26.55,51.28
34.77,34.77,61.61,17.14,56.60
39.60,39.60,61.23,34.62,69.99
40.45,40.45,51.08,31.54,70.89
40.95,40.95,47.59,33.04,70.70
40.46,40.46,45.50,29.65,69.47
41.51,41.51,45.19,23.85,68.50
41.85,41.85,66.69,32.61,68.35
41.23,41.23,54.96,34.04,68.75
39.81,39.81,49.68,34.35,65.61
36.06,36.06,56.95,28.50,61.85
27.08,27.08,60.19,19.55,50.99
31.86,31.86,73.91,5.99,57.21
31.60,31.60,90.13,0.00,56.89
27.68,27.68,90.24,0.59,47.52
28.80,28.80,87.48,3.80,50.49
34.42,34.42,89.97,5.15,49.37
39.59,39.59,88.11,6.36,48.70
46.01,46.01,91.17,12.06,49.52
46.48,46.48,88.68,20.67,48.65
41.92,41.92,81.51,16.61,44.90
39.49,39.49,71.66,14.98,45.88
32.93,32.93,61.72,12.61,47.44
31.66,31.66,62.08,18.61,51.92
37.15,37.15,62.31,30.92,68.83
36.40,36.40,50.63,19.99,69.68
37.70,37.70,45.61,20.35,69.72
38.47,38.47,46.10,20.02,68.47
40.04,40.04,43.04,17.06,67.13
40.09,40.09,65.25,16.32,64.56
39.77,39.77,55.87,14.32,62.97
36.04,36.04,48.07,15.16,59.06
30.74,30.74,55.07,13.22,56.10
25.04,25.04,55.92,5.58,49.57
29.68,29.68,66.53,3.28,58.29
38.69,38.69,89.10,0.04,58.42
26.43,26.43,90.56,-0.00,45.86
29.56,29.56,87.55,1.10,46.68
35.52,35.52,89.65,2.07,46.72
42.84,42.84,90.25,2.39,48.38
48.31,48.31,88.87,2.17,47.77
47.11,47.11,88.21,12.17,49.49
44.15,44.15,84.34,10.05,47.71
40.27,40.27,72.41,8.20,48.44
39.05,39.05,62.74,6.05,48.89
60.43,60.43,59.87,24.79,60.60
76.59,76.59,63.75,30.58,71.26
76.77,76.77,53.93,23.76,71.56
76.46,76.46,49.86,26.49,71.68
76.67,76.67,47.51,23.92,71.47
76.82,76.82,46.02,27.14,70.45
75.69,75.69,61.80,37.39,70.15
73.80,73.80,57.85,31.60,69.26
71.86,71.86,47.15,22.10,69.91
70.32,70.32,48.54,15.59,70.79
67.38,67.38,66.30,5.43,67.41
60.63,60.63,75.26,2.20,61.37
61.69,61.69,88.41,0.22,64.16
67.62,67.62,89.69,-0.00,62.19
68.81,68.81,89.19,-0.00,63.92
68.93,68.93,89.64,0.00,64.30
68.17,68.17,89.42,-0.00,64.30
69.50,69.50,87.93,2.55,62.72
70.18,70.18,89.23,13.41,62.59
72.81,72.81,87.22,19.68,64.38
72.67,72.67,72.31,26.23,63.42
73.70,73.70,64.46,24.14,63.82
74.55,74.55,59.24,26.80,64.81
65.58,65.58,64.67,38.87,69.23
56.86,56.86,53.66,30.58,68.84
56.73,56.73,48.20,25.41,67.83
59.82,59.82,45.04,23.67,65.32
74.40,74.40,47.88,22.02,68.19
74.93,74.93,61.80,26.24,69.98
73.40,73.40,60.09,25.70,68.83
73.95,73.95,54.01,26.54,67.59
74.91,74.91,53.73,14.65,67.24
75.02,75.02,58.58,9.01,62.81
74.15,74.15,65.63,0.11,55.09
73.97,73.97,86.89,0.02,60.62
68.37,68.37,89.91,-0.00,56.79
74.54,74.54,86.81,-0.00,55.97
72.69,72.69,90.02,0.05,53.04
73.54,73.54,89.53,2.70,57.23
68.56,68.56,88.22,5.11,53.91
66.28,66.28,90.93,8.68,54.78
66.10,66.10,86.15,14.30,60.95
67.40,67.40,75.05,23.12,63.67
66.13,66.13,64.93,17.84,59.26
60.31,60.31,57.24,20.09,57.40
60.26,60.26,61.39,22.00,67.39
55.00,55.00,55.63,22.75,70.31
68.72,68.72,50.16,26.69,70.60
78.91,78.91,49.00,26.91,70.82
76.94,76.94,50.55,26.62,69.32
76.34,76.34,58.17,26.61,69.56
75.26,75.26,60.59,25.08,69.35
75.82,75.82,50.33,17.35,70.47
75.36,75.36,49.36,26.91,69.29
74.89,74.89,55.83,38.52,67.15
76.01,76.01,64.31,53.03,63.16
79.66,79.66,84.87,72.27,68.58
75.98,75.98,88.58,75.00,63.58
75.98,75.98,86.21,69.79,61.59
74.51,74.51,89.49,67.52,61.84
72.77,72.77,89.03,63.24,64.13
72.45,72.45,90.55,57.40,64.34
72.15,72.15,89.58,66.54,64.42
71.73,71.73,86.87,69.73,63.97
71.63,71.63,80.92,68.29,64.45
71.35,71.35,74.12,60.94,63.48
72.03,72.03,62.56,61.72,64.24
72.14,72.14,62.65,67.59,66.57
73.76,73.76,55.50,76.18,67.40
74.61,74.61,45.80,77.50,66.71
74.29,74.29,42.83,79.55,67.14
72.12,72.12,42.05,71.12,66.34
70.64,70.64,50.47,64.96,63.93
69.10,69.10,62.69,73.78,61.03
63.18,63.18,49.54,82.24,58.44
68.30,68.30,52.74,76.53,55.86
69.97,69.97,57.42,77.66,52.77
71.37,71.37,64.25,68.75,52.65
71.37,71.37,81.74,60.36,61.06
64.48,64.48,88.47,62.74,53.04
57.42,57.42,87.18,61.15,48.15
54.76,54.76,87.38,61.07,45.76
52.43,52.43,89.64,55.51,42.67
48.20,48.20,89.21,57.69,43.87
57.48,57.48,88.88,69.03,55.01
56.69,56.69,88.50,70.67,52.75
61.06,61.06,82.69,67.60,48.38
58.49,58.49,78.11,68.29,48.57
53.99,53.99,65.80,67.47,48.94
53.10,53.10,61.54,67.37,59.80
46.77,46.77,58.57,80.30,66.20
42.81,42.81,47.79,76.25,67.42
44.79,44.79,40.05,78.12,66.85
43.53,43.53,37.71,73.82,65.73
41.19,41.19,44.02,64.51,62.74
46.81,46.81,64.50,73.13,59.31
46.62,46.62,52.83,80.90,55.46
44.32,44.32,45.91,76.71,53.94
35.29,35.29,56.83,79.16,48.99
30.57,30.57,62.63,69.86,45.96
44.39,44.39,76.95,68.81,59.25
44.62,44.62,89.26,69.24,54.64
34.34,34.34,89.20,64.71,44.12
38.83,38.83,88.48,58.01,45.01
42.66,42.66,89.87,49.65,42.41
43.80,43.80,88.32,47.49,44.21
49.00,49.00,88.73,50.39,47.36
51.01,51.01,90.25,55.10,47.69
49.76,49.76,80.17,52.36,47.51
49.21,49.21,70.38,47.26,49.57
45.59,45.59,59.87,41.06,49.72
43.05,43.05,61.98,50.49,56.73
52.02,52.02,63.54,55.42,69.32
54.23,54.23,60.65,58.99,68.70
53.30,53.30,57.78,57.60,69.08
53.57,53.57,57.76,49.26,67.83
55.67,55.67,50.67,50.45,66.49
54.59,54.59,66.43,54.89,62.57
53.18,53.18,62.52,61.19,62.16
53.40,53.40,57.03,56.98,61.60
48.91,48.91,60.18,61.43,57.18
35.09,35.09,61.91,45.74,53.83
37.84,37.84,72.64,34.75,56.53
42.03,42.03,89.47,19.83,55.85
32.61,32.61,90.26,4.67,45.82
33.47,33.47,88.05,11.15,43.07
38.47,38.47,89.87,15.47,42.49
42.12,42.12,88.20,16.45,41.76
47.14,47.14,91.05,12.11,43.00
49.09,49.09,88.33,14.83,44.04
46.97,46.97,82.09,20.50,48.80
43.16,43.16,72.27,28.96,49.43
39.89,39.89,61.39,29.91,50.98
41.35,41.35,61.78,25.80,50.39
51.57,51.57,63.18,41.21,68.76
54.96,54.96,51.68,42.15,69.21
55.17,55.17,48.08,39.39,70.05
55.80,55.80,45.91,31.34,68.74
55.20,55.20,40.66,30.83,65.83
56.27,56.27,63.54,30.68,65.19
56.73,56.73,55.92,39.94,63.42
56.32,56.32,48.31,40.13,61.42
52.43,52.43,49.72,32.84,54.70
43.70,43.70,56.15,21.51,48.77
38.27,38.27,65.94,6.61,55.20
39.50,39.50,90.10,-0.00,57.68
37.88,37.88,90.42,-0.00,50.65
35.28,35.28,87.35,-0.00,43.72
39.49,39.49,89.78,0.28,43.66
41.84,41.84,90.67,1.48,40.25
47.60,47.60,88.68,2.47,41.91
47.63,47.63,88.18,9.47,44.35
47.60,47.60,84.83,12.76,45.81
46.03,46.03,72.19,12.50,43.57
43.35,43.35,62.99,15.40,47.52
40.11,40.11,59.96,20.38,48.10
49.15,49.15,64.53,29.93,71.44
51.10,51.10,51.99,23.12,70.73
53.04,53.04,47.72,18.90,69.00
55.10,55.10,46.08,21.62,66.73
56.36,56.36,40.94,20.57,64.37
57.12,57.12,60.78,25.08,63.40
54.51,54.51,58.19,20.29,59.86
54.41,54.41,48.62,24.36,57.93
51.88,51.88,48.91,12.75,55.51
43.47,43.47,57.31,4.03,48.17
31.78,31.78,62.39,0.55,55.09
41.89,41.89,88.81,0.01,63.15
32.06,32.06,90.48,-0.00,48.96
29.21,29.21,88.34,-0.00,42.37
35.88,35.88,89.55,-0.00,45.50
40.34,40.34,89.45,-0.00,44.44
44.78,44.78,87.85,0.08,44.89
47.31,47.31,89.10,4.81,45.62
42.48,42.48,87.09,11.47,43.51
40.63,40.63,72.50,12.61,45.52
37.84,37.84,63.88,5.20,51.21
41.05,41.05,58.98,11.53,52.24
55.02,55.02,66.00,25.74,70.62
65.54,65.54,56.01,28.63,74.79
67.30,67.30,49.56,20.54,74.07
66.58,66.58,48.02,27.51,72.00
57.04,57.04,56.09,24.66,68.59
54.67,54.67,64.52,30.28,67.73
52.74,52.74,62.18,28.53,67.59
53.80,53.80,60.06,32.74,65.03
53.59,53.59,61.19,17.74,61.85
49.54,49.54,60.78,7.85,56.97
52.17,52.17,63.61,1.10,53.22
67.60,67.60,86.01,-0.00,64.23
71.96,71.96,91.28,-0.00,63.60
70.20,70.20,88.05,-0.00,63.71
68.40,68.40,90.58,-0.00,64.47
70.76,70.76,89.74,-0.00,67.32
73.20,73.20,88.53,-0.00,67.38
70.21,70.21,90.73,1.97,64.91
68.34,68.34,86.00,8.51,60.08
69.16,69.16,76.24,6.14,61.76
62.71,62.71,64.63,11.92,58.00
57.06,57.06,60.32,20.72,57.84
53.45,53.45,67.24,26.99,67.51
65.50,65.50,59.69,21.99,70.29
69.99,69.99,53.65,18.34,72.02
72.27,72.27,49.12,23.68,73.01
71.88,71.88,48.73,27.48,72.64
68.66,68.66,58.60,28.94,70.32
64.81,64.81,60.86,21.71,66.47
59.08,59.08,53.26,25.34,65.09
57.78,57.78,54.72,20.92,62.11
52.30,52.30,58.91,7.04,56.78
58.01,58.01,64.79,0.03,57.87
69.89,69.89,85.01,-0.00,69.44
68.51,68.51,89.67,0.01,63.52
69.52,69.52,88.53,-0.00,62.51
69.84,69.84,89.09,-0.00,63.70
69.32,69.32,89.20,-0.00,63.87
68.04,68.04,90.76,-0.00,64.24
68.58,68.58,88.95,0.11,65.00
59.48,59.48,86.88,8.83,57.51
59.53,59.53,79.64,8.04,57.28
61.81,61.81,65.94,12.68,56.97
56.16,56.16,59.18,13.65,57.99
60.60,60.60,64.23,26.95,67.00
71.82,71.82,58.58,27.12,72.01
67.54,67.54,52.06,26.71,70.91
57.28,57.28,47.57,24.44,68.69
54.00,54.00,48.70,24.84,67.05
54.92,54.92,53.59,24.55,65.03
58.02,58.02,62.63,32.32,64.04
58.49,58.49,50.82,26.46,63.69
55.16,55.16,52.35,29.10,59.90
51.56,51.56,58.92,35.99,57.83
56.08,56.08,62.63,49.14,53.96
72.69,72.69,81.71,64.72,67.44
75.36,75.36,89.37,65.95,67.87
74.29,74.29,89.96,68.35,65.95
72.61,72.61,87.27,67.97,65.58
72.53,72.53,89.89,61.69,66.08
72.02,72.02,88.36,57.52,65.89
72.33,72.33,87.00,71.68,66.45
72.47,72.47,87.64,75.04,65.59
69.58,69.58,80.82,77.98,65.14
65.02,65.02,65.75,69.93,62.55
67.43,67.43,61.42,62.41,61.40
70.02,70.02,61.83,67.81,64.96
69.25,69.25,58.74,77.20,67.26
69.54,69.54,46.83,74.98,66.90
70.27,70.27,42.38,79.86,66.67
70.66,70.66,43.77,69.21,65.33
70.61,70.61,48.43,61.06,62.94
68.03,68.03,64.39,69.47,59.55
63.79,63.79,51.64,76.36,59.86
58.85,58.85,50.58,73.52,57.95
45.66,45.66,52.28,76.93,54.00
44.18,44.18,58.16,66.60,48.83
48.28,48.28,76.12,62.55,59.01
48.54,48.54,89.44,65.52,53.37
47.29,47.29,88.81,61.74,46.96
47.18,47.18,90.51,62.70,44.18
44.06,44.06,88.79,60.59,42.77
48.95,48.95,87.96,56.19,45.18
57.44,57.44,89.56,59.44,56.06
63.40,63.40,88.06,65.73,61.60
63.88,63.88,78.15,65.86,60.68
55.24,55.24,71.63,68.24,54.76
47.20,47.20,67.03,66.38,53.05
53.28,53.28,65.54,68.82,59.77
61.31,61.31,60.28,78.36,67.02
61.29,61.29,48.45,75.66,68.20
58.79,58.79,36.50,72.05,68.70
55.14,55.14,34.73,74.61,68.80
54.28,54.28,37.83,65.79,68.34
53.14,53.14,65.67,71.17,65.05
50.44,50.44,54.30,75.71,59.51
49.15,49.15,48.08,80.96,55.42
42.93,42.93,59.67,81.14,52.23
41.67,41.67,65.53,76.89,49.08
44.93,44.93,75.93,74.46,60.44
45.75,45.75,88.22,67.74,60.99
40.04,40.04,89.87,65.13,52.01
37.24,37.24,87.26,63.71,42.73
40.22,40.22,89.21,61.95,44.08
42.61,42.61,88.01,59.43,42.90
51.76,51.76,90.66,66.73,51.47
52.26,52.26,86.83,70.73,59.57
49.11,49.11,79.26,73.55,56.11
46.81,46.81,67.34,66.14,51.41
43.20,43.20,68.81,68.41,52.04
48.68,48.68,61.60,66.70,59.08
57.98,57.98,62.12,79.14,66.72
57.81,57.81,51.21,77.46,68.14
53.49,53.49,38.95,79.33,67.78
51.24,51.24,32.74,80.02,68.11
50.95,50.95,35.23,68.94,65.04
52.49,52.49,63.79,66.03,63.07
53.37,53.37,55.67,77.31,58.63
52.82,52.82,46.19,74.20,55.17
51.00,51.00,53.79,72.28,52.95
40.27,40.27,56.07,72.65,47.48
38.85,38.85,64.98,61.98,52.08
39.86,39.86,88.16,69.31,56.84
33.52,33.52,89.00,70.67,49.11
37.54,37.54,88.08,71.28,45.25
39.13,39.13,87.80,64.95,44.87
41.16,41.16,90.36,59.14,46.04
41.73,41.73,88.86,65.67,45.75
46.65,46.65,87.34,71.25,56.65
44.18,44.18,85.53,74.70,55.92
45.30,45.30,71.40,73.68,51.79
42.25,42.25,61.18,65.21,51.82
40.45,40.45,55.13,62.54,52.03
42.83,42.83,65.18,76.84,67.52
43.57,43.57,51.88,77.05,66.09
39.02,39.02,45.01,79.45,67.79
42.38,42.38,40.72,80.48,67.37
40.52,40.52,37.67,66.68,62.34
37.98,37.98,61.22,66.20,60.87
40.62,40.62,58.12,76.09,63.04
38.90,38.90,50.14,76.51,59.67
35.52,35.52,56.79,78.82,53.38
30.30,30.30,64.65,78.09,47.42
31.63,31.63,67.59,73.27,54.19
37.27,37.27,88.66,63.00,62.39
32.87,32.87,90.83,62.38,52.95
26.00,26.00,88.56,54.50,43.39
31.73,31.73,89.80,46.01,41.24
39.33,39.33,89.23,45.94,41.40
42.24,42.24,87.97,50.55,41.85
47.05,47.05,89.97,51.77,50.51
48.58,48.58,86.60,49.27,46.20
45.73,45.73,74.51,41.29,42.86
41.38,41.38,65.28,38.13,45.87
47.43,47.43,58.39,41.55,48.71
57.01,57.01,66.90,55.79,67.49
60.35,60.35,57.74,58.10,68.66
58.69,58.69,56.22,56.69,70.25
57.64,57.64,52.20,54.02,69.83
57.41,57.41,49.30,47.80,69.47
60.11,60.11,57.29,45.50,66.59
59.60,59.60,60.28,59.52,66.42
60.45,60.45,52.55,56.14,65.35
57.57,57.57,53.30,50.85,61.92
52.04,52.04,57.63,42.94,57.03
36.82,36.82,60.29,30.98,56.96
45.61,45.61,86.58,2.94,66.28
37.06,37.06,90.64,0.01,52.92
37.64,37.64,86.92,0.67,45.19
41.78,41.78,90.04,2.45,44.58
45.81,45.81,89.07,4.67,45.11
44.85,44.85,88.65,4.27,42.75
45.72,45.72,90.76,3.79,44.31
45.93,45.93,86.26,7.73,47.48
44.32,44.32,77.30,12.86,51.02
42.24,42.24,64.18,9.86,50.67
42.40,42.40,59.68,11.59,50.40
52.12,52.12,65.53,29.41,65.80
53.69,53.69,56.47,31.52,68.57
72.41,72.41,51.68,34.11,71.42
71.62,71.62,49.51,31.25,70.80
72.85,72.85,51.38,24.60,68.17
68.17,68.17,56.69,23.06,66.85
61.62,61.62,61.75,34.38,62.35
60.57,60.57,51.75,38.95,61.67
64.60,64.60,49.68,34.18,61.24
61.82,61.82,60.14,25.50,58.04
57.48,57.48,64.65,10.79,55.10
67.63,67.63,83.03,0.44,66.59
62.75,62.75,90.26,-0.00,59.61
69.17,69.17,88.49,-0.00,61.79
72.21,72.21,88.46,-0.00,66.64
71.37,71.37,89.01,-0.00,66.95
70.56,70.56,90.09,0.00,66.33
71.24,71.24,88.51,0.05,65.34
73.28,73.28,87.22,6.33,65.83
74.66,74.66,80.06,12.02,64.09
75.30,75.30,66.95,11.15,64.76
69.56,69.56,59.75,9.34,62.16
59.96,59.96,62.00,27.39,64.12
57.76,57.76,57.92,34.19,67.62
59.77,59.77,48.92,28.37,67.35
61.06,61.06,44.40,24.58,66.51
73.33,73.33,44.77,27.74,72.30
73.80,73.80,54.67,18.40,72.61
73.18,73.18,63.21,20.86,72.78
72.21,72.21,53.89,16.73,72.38
72.06,72.06,50.86,11.11,71.52
72.44,72.44,56.49,12.23,68.45
74.52,74.52,63.08,4.67,65.39
71.04,71.04,80.99,-0.00,64.22
68.49,68.49,89.42,-0.00,62.52
69.68,69.68,88.39,-0.00,63.26
72.40,72.40,88.39,-0.00,67.81
71.94,71.94,89.49,-0.00,67.68
73.08,73.08,88.29,-0.00,69.70
70.78,70.78,88.40,2.76,67.67
63.99,63.99,88.66,12.46,60.71
54.38,54.38,80.54,9.94,57.80
55.99,55.99,68.46,13.44,58.56
57.01,57.01,59.65,13.16,59.13
56.46,56.46,61.39,11.42,63.38
58.36,58.36,58.61,20.44,67.74
73.10,73.10,50.65,23.19,72.91
74.25,74.25,47.64,19.38,72.90
75.19,75.19,47.85,25.06,73.24
74.44,74.44,48.97,27.66,72.99
74.99,74.99,64.62,30.63,71.80
75.48,75.48,52.71,21.18,74.05
75.78,75.78,45.49,21.80,74.20
76.08,76.08,51.69,35.32,72.78
77.44,77.44,56.69,49.34,72.06
77.70,77.70,75.89,67.24,70.89
77.44,77.44,88.16,74.62,69.70
73.80,73.80,87.85,74.22,66.25
72.54,72.54,88.41,71.93,67.17
73.29,73.29,88.73,65.71,69.20
72.13,72.13,87.43,61.05,68.66
73.18,73.18,88.76,71.89,70.01
73.00,73.00,89.09,79.08,71.16
72.71,72.71,77.30,72.98,71.68
72.15,72.15,65.52,65.35,70.60
73.24,73.24,65.36,66.52,72.26
72.60,72.60,62.49,66.57,73.03
66.27,66.27,61.26,77.61,69.04
68.07,68.07,51.23,77.96,67.34
69.41,69.41,47.60,76.16,67.47
71.27,71.27,47.15,67.30,66.70
72.25,72.25,46.73,63.16,69.15
72.13,72.13,64.78,67.91,68.81
73.02,73.02,54.19,79.64,69.25
72.28,72.28,49.94,75.03,65.84
69.84,69.84,59.04,79.00,60.33
63.45,63.45,60.92,72.06,55.54
65.44,65.44,72.85,66.22,61.93
66.82,66.82,88.35,69.52,62.19
57.90,57.90,88.63,69.44,54.31
45.18,45.18,84.90,65.14,48.63
52.37,52.37,90.33,60.73,49.81
52.85,52.85,88.92,49.18,45.96
57.88,57.88,89.93,55.16,56.76
57.36,57.36,87.29,63.72,59.83
56.12,56.12,83.83,61.77,58.46
51.38,51.38,76.28,61.44,54.76
43.13,43.13,74.42,61.88,49.35
54.10,54.10,66.09,60.15,55.16
57.49,57.49,63.35,75.46,66.90
53.10,53.10,51.71,81.76,66.39
54.21,54.21,46.68,79.87,65.58
55.23,55.23,43.37,72.96,68.40
53.27,53.27,41.20,68.49,65.52
54.58,54.58,62.26,67.01,65.49
54.14,54.14,56.19,81.69,61.06
54.88,54.88,49.37,80.43,60.13
48.03,48.03,56.26,76.30,55.22
42.51,42.51,62.32,73.02,53.30
49.51,49.51,70.95,71.56,58.40
53.70,53.70,89.23,64.25,62.63
51.87,51.87,88.24,61.62,54.24
46.92,46.92,85.76,54.33,50.70
39.46,39.46,88.83,51.01,43.90
43.73,43.73,90.88,48.08,45.02
42.86,42.86,88.15,57.21,50.58
54.95,54.95,88.14,64.27,55.79
52.61,52.61,85.99,63.94,58.52
45.98,45.98,70.89,64.26,50.95
41.14,41.14,67.08,58.89,47.41
45.14,45.14,62.61,57.55,50.68
48.58,48.58,65.63,75.58,66.59
49.26,49.26,56.72,77.63,66.70
49.08,49.08,53.45,78.35,67.41
49.31,49.31,48.44,74.10,68.08
48.90,48.90,43.45,68.67,63.78
49.15,49.15,58.98,63.97,62.49
47.29,47.29,57.80,76.08,58.53
40.66,40.66,49.88,76.35,56.18
36.91,36.91,57.10,74.79,54.82
30.77,30.77,57.87,71.11,50.32
31.57,31.57,60.31,62.07,48.75
36.91,36.91,89.15,68.17,56.54
31.64,31.64,90.83,58.78,49.30
28.91,28.91,87.84,57.27,47.53
29.35,29.35,90.83,57.85,43.14
35.31,35.31,89.31,52.52,47.62
39.79,39.79,87.46,62.97,52.46
41.80,41.80,90.48,68.77,61.93
42.04,42.04,86.51,68.07,60.72
45.07,45.07,78.36,67.95,57.80
42.96,42.96,66.12,69.07,49.82
39.28,39.28,56.32,62.46,48.78
33.57,33.57,66.62,75.51,65.92
28.40,28.40,56.61,79.52,66.41
29.60,29.60,50.51,78.50,68.08
30.12,30.12,46.72,78.14,67.54
27.76,27.76,42.69,73.38,66.84
24.92,24.92,57.35,64.64,62.38
27.39,27.39,60.25,79.90,62.16
30.51,30.51,47.83,80.27,60.60
31.61,31.61,39.40,79.71,61.52
35.29,35.29,38.23,75.33,57.77
35.62,35.62,42.01,74.02,57.65
37.21,37.21,42.08,66.04,58.25
39.64,39.64,50.17,68.84,57.12
39.93,39.93,56.14,56.48,55.13
38.00,38.00,51.05,55.91,54.55
32.01,32.01,49.43,54.34,55.65
32.16,32.16,48.98,56.18,54.69
33.53,33.53,57.28,56.62,54.88
34.94,34.94,57.31,53.17,56.54
33.66,33.66,52.63,57.41,55.45
28.90,28.90,43.83,55.74,53.90
22.07,22.07,44.41,44.33,49.23
20.99,20.99,54.84,54.08,64.57
9.93,9.93,57.52,59.57,69.81
15.00,15.00,56.38,60.98,69.59
20.10,20.10,60.15,57.10,69.10
30.24,30.24,53.26,58.53,69.39
41.49,41.49,48.58,50.41,67.55
57.04,57.04,57.42,59.74,67.75
65.91,65.91,57.16,56.16,67.21
66.49,66.49,56.38,61.07,66.99
69.01,69.01,56.27,59.81,64.06
65.32,65.32,52.32,59.29,60.24
67.16,67.16,42.15,52.34,61.97
74.31,74.31,44.35,52.86,66.63
72.76,72.76,43.43,44.02,67.07
72.66,72.66,45.39,39.49,68.08
72.68,72.68,46.38,29.22,68.67
72.49,72.49,46.74,28.02,68.17
70.51,70.51,45.29,35.32,65.50
70.33,70.33,45.98,42.67,64.62
67.81,67.81,43.03,39.74,64.63
68.99,68.99,45.33,37.32,62.53
74.75,74.75,41.44,39.81,68.50
72.82,72.82,43.53,34.91,70.86
73.62,73.62,50.10,44.23,72.85
70.02,70.02,39.46,34.78,71.14
69.57,69.57,35.70,32.24,70.71
68.00,68.00,31.62,29.41,66.67
61.41,61.41,28.62,27.78,66.27
61.91,61.91,39.64,38.16,63.91
61.38,61.38,44.18,43.28,62.52
61.91,61.91,39.57,37.50,62.11
62.22,62.22,42.75,38.84,59.81
59.43,59.43,38.13,38.79,63.32
55.90,55.90,33.26,30.58,59.54
60.95,60.95,37.59,34.14,61.26
74.61,74.61,34.56,32.07,69.79
73.19,73.19,33.35,23.71,68.65
72.18,72.18,34.41,24.84,67.94
73.17,73.17,34.06,29.44,68.87
75.18,75.18,32.36,29.24,67.03
75.95,75.95,30.29,32.67,70.10
75.59,75.59,27.44,31.73,69.75
74.30,74.30,28.86,26.98,68.64
71.12,71.12,30.48,22.92,67.58
68.49,68.49,33.51,30.37,65.34
71.37,71.37,37.67,32.88,70.60
72.22,72.22,38.66,33.49,71.79
72.27,72.27,41.98,25.32,71.81
73.98,73.98,42.49,27.50,72.77
74.63,74.63,41.00,27.99,72.83
75.39,75.39,34.84,25.22,71.18
74.15,74.15,27.76,23.37,69.49
70.13,70.13,26.73,23.85,67.59
69.26,69.26,25.30,21.80,67.54
73.82,73.82,30.42,20.93,69.74
76.56,76.56,27.04,19.55,71.52
74.48,74.48,24.33,17.13,70.49
74.03,74.03,30.53,25.36,70.92
73.45,73.45,40.60,28.88,71.08
73.31,73.31,32.89,19.56,71.61
72.38,72.38,25.41,20.42,70.19
70.48,70.48,22.72,24.86,69.09
66.19,66.19,25.15,26.46,63.08
64.41,64.41,35.34,31.24,58.45
67.72,67.72,42.56,30.83,59.40
70.26,70.26,46.45,30.60,62.04
70.47,70.47,51.99,35.53,66.36
68.03,68.03,50.77,38.46,70.11
65.39,65.39,46.22,34.71,70.21
63.90,63.90,44.50,38.06,70.26
73.22,73.22,41.79,37.73,72.70
71.42,71.42,40.78,31.13,72.13
72.23,72.23,40.09,25.76,72.52
73.02,73.02,38.68,22.37,71.60
73.35,73.35,45.14,22.04,71.10
73.63,73.63,53.37,15.03,71.04
74.59,74.59,60.86,12.54,67.12
77.73,77.73,73.68,4.31,69.50
76.12,76.12,89.82,1.29,67.26
74.04,74.04,91.09,0.99,67.74
72.21,72.21,87.65,3.91,68.39
70.38,70.38,90.03,7.61,67.07
68.21,68.21,88.70,12.44,67.16
67.45,67.45,91.23,15.44,66.75
69.91,69.91,87.98,25.85,68.16
70.32,70.32,79.33,34.77,68.88
69.45,69.45,73.36,39.53,69.34
68.00,68.00,77.99,57.09,68.54
69.12,69.12,81.27,61.32,69.07
69.87,69.87,79.61,68.93,71.82
72.08,72.08,77.58,73.61,71.17
72.29,72.29,82.68,70.95,70.93
71.30,71.30,77.70,68.67,70.77
67.93,67.93,73.15,71.10,68.28
63.00,63.00,85.54,70.02,62.33
60.64,60.64,78.84,65.69,62.99
60.38,60.38,77.80,67.36,60.96
63.48,63.48,82.52,77.12,63.00
60.58,60.58,78.63,71.95,58.88
52.41,52.41,76.49,69.11,58.20
50.71,50.71,89.68,61.77,59.50
46.04,46.04,90.29,52.25,51.53
52.49,52.49,88.18,36.23,51.67
51.48,51.48,89.44,25.60,50.30
54.87,54.87,90.58,29.40,52.77
52.85,52.85,88.89,29.80,53.78
52.91,52.91,88.63,27.02,50.98
53.07,53.07,84.57,38.28,52.05
53.45,53.45,73.54,46.21,54.99
50.40,50.40,76.03,55.49,55.11
50.81,50.81,79.46,58.71,57.15
66.04,66.04,75.30,63.78,70.33
72.84,72.84,81.96,70.92,72.36
73.26,73.26,82.19,63.69,72.35
72.30,72.30,78.46,68.59,71.49
71.05,71.05,73.47,64.68,70.81
68.30,68.30,84.96,66.79,69.21
67.80,67.80,81.89,65.56,66.69
68.57,68.57,84.29,64.31,63.56
68.73,68.73,83.84,74.11,63.37
68.19,68.19,78.84,69.33,60.15
65.65,65.65,79.21,67.20,59.00
67.72,67.72,89.76,64.63,71.69
70.09,70.09,89.77,46.20,66.49
74.43,74.43,87.70,27.11,68.27
73.27,73.27,89.96,15.76,68.16
72.91,72.91,89.08,15.96,67.95
72.69,72.69,88.37,24.68,68.13
73.12,73.12,90.27,25.75,69.09
74.07,74.07,86.59,38.02,68.44
75.22,75.22,73.77,50.12,70.04
75.17,75.17,71.20,53.89,69.65
74.24,74.24,81.95,57.20,69.19
73.13,73.13,76.76,59.52,69.95
66.76,66.76,82.81,61.22,66.09
65.07,65.07,83.55,59.68,66.72
62.45,62.45,79.55,55.04,65.54
62.98,62.98,74.05,62.20,65.16
63.77,63.77,85.95,61.51,64.67
59.87,59.87,83.13,58.73,66.67
58.08,58.08,85.42,68.02,63.51
55.94,55.94,83.60,69.27,60.12
49.94,49.94,81.14,67.17,53.07
42.32,42.32,79.52,66.42,50.62
48.31,48.31,89.55,60.26,60.37
40.67,40.67,90.86,52.27,51.22
46.41,46.41,88.37,42.81,47.19
50.12,50.12,90.98,29.16,48.01
54.32,54.32,89.20,22.71,48.67
56.60,56.60,89.28,16.54,51.16
56.81,56.81,90.66,24.39,50.63
56.49,56.49,87.04,36.32,49.93
54.29,54.29,76.67,47.60,49.21
53.91,53.91,70.86,61.36,51.43
57.73,57.73,80.15,65.65,60.06
73.77,73.77,75.71,65.86,72.98
74.14,74.14,83.24,66.26,73.51
72.15,72.15,81.36,63.26,73.78
70.32,70.32,78.34,60.41,72.19
68.43,68.43,72.86,59.42,71.14
65.31,65.31,85.10,60.60,69.06
62.07,62.07,80.64,61.64,68.48
62.29,62.29,87.19,64.97,66.88
60.33,60.33,84.61,67.32,65.81
56.50,56.50,79.77,69.23,63.08
53.78,53.78,78.66,65.49,59.32
61.84,61.84,88.19,63.39,65.78
61.14,61.14,90.55,49.62,63.79
68.09,68.09,87.94,47.98,65.20
71.78,71.78,87.95,34.95,66.64
73.68,73.68,89.90,27.32,68.38
73.52,73.52,90.88,25.83,67.76
74.16,74.16,88.49,27.50,69.06
74.36,74.36,87.07,30.78,69.57
74.10,74.10,79.35,40.03,69.48
74.35,74.35,71.77,46.98,70.22
72.77,72.77,81.01,57.96,69.18
70.98,70.98,80.87,55.74,69.28
72.29,72.29,82.90,57.48,70.84
69.66,69.66,80.90,57.64,69.20
68.45,68.45,80.41,55.26,69.80
66.14,66.14,73.05,59.68,68.58
64.56,64.56,81.64,59.94,68.58
62.43,62.43,83.08,59.31,67.11
59.70,59.70,86.34,62.99,66.45
58.12,58.12,84.58,69.98,66.04
56.52,56.52,83.10,69.79,61.50
50.40,50.40,79.97,69.09,53.70
53.47,53.47,87.96,64.46,62.85
44.59,44.59,89.57,54.22,60.65
49.77,49.77,88.88,47.34,52.61
52.43,52.43,89.84,39.20,56.43
53.87,53.87,90.10,26.63,57.35
54.52,54.52,88.39,22.68,57.76
56.00,56.00,88.63,23.89,56.95
56.42,56.42,89.80,24.01,57.41
55.69,55.69,78.87,34.99,59.57
54.12,54.12,74.24,41.72,63.06
48.64,48.64,77.72,52.92,63.73
46.82,46.82,80.15,55.73,66.87
49.47,49.47,82.04,50.39,67.98
42.87,42.87,83.14,58.02,68.16
39.93,39.93,81.52,55.32,68.81
41.68,41.68,77.08,61.02,68.93
40.01,40.01,78.99,61.75,68.03
40.52,40.52,82.62,56.92,66.14
41.93,41.93,84.24,61.64,64.88
49.25,49.25,82.96,66.96,63.95
49.73,49.73,85.29,69.42,58.13
51.21,51.21,79.51,64.26,53.05
61.29,61.29,87.31,59.15,62.94
69.65,69.65,89.80,52.63,66.69
71.49,71.49,87.93,43.87,65.82
71.52,71.52,89.11,40.99,67.64
69.42,69.42,90.26,25.66,67.93
70.62,70.62,88.03,18.67,65.89
70.37,70.37,90.43,23.27,66.25
65.65,65.65,89.42,27.38,64.55
62.51,62.51,77.83,37.89,60.27
55.38,55.38,75.73,46.90,55.52
54.05,54.05,74.32,55.28,57.00
52.96,52.96,82.43,62.18,61.64
58.42,58.42,80.18,49.64,64.36
60.57,60.57,84.16,58.53,63.34
68.22,68.22,84.25,52.58,68.82
73.57,73.57,76.84,57.13,72.94
72.75,72.75,77.58,61.41,72.14
72.50,72.50,83.87,52.05,70.82
71.34,71.34,82.19,57.40,69.84
62.72,62.72,84.00,66.59,63.24
56.96,56.96,83.27,68.03,55.58
60.14,60.14,81.05,64.84,56.84
62.82,62.82,85.25,60.87,63.93
65.09,65.09,89.23,53.03,65.51
71.46,71.46,91.41,41.65,65.44
73.59,73.59,87.43,36.14,69.40
73.56,73.56,89.45,15.93,70.30
73.53,73.53,88.44,14.09,70.21
72.96,72.96,90.66,16.10,70.16
73.42,73.42,88.14,21.90,71.17
75.01,75.01,81.27,32.74,73.50
74.84,74.84,71.38,47.87,73.35
74.85,74.85,74.65,57.16,72.38
73.29,73.29,82.58,63.86,71.24
74.69,74.69,77.10,56.31,73.79
72.62,72.62,83.66,60.03,71.83
70.10,70.10,84.75,58.15,71.14
69.29,69.29,77.34,58.35,71.18
69.08,69.08,76.39,63.20,67.56
65.09,65.09,84.86,60.65,65.66
62.36,62.36,82.86,59.45,63.39
61.12,61.12,82.56,68.95,60.72
55.84,55.84,84.59,68.52,55.43
55.26,55.26,81.61,71.29,56.24
63.95,63.95,82.74,68.78,59.54
71.30,71.30,88.31,60.67,66.85
70.52,70.52,90.15,44.68,65.73
73.48,73.48,88.63,41.22,66.94
73.19,73.19,89.46,22.53,67.30
72.24,72.24,89.91,19.27,67.97
73.16,73.16,88.62,21.93,68.12
73.17,73.17,88.40,27.74,68.48
73.64,73.64,84.74,31.32,70.12
73.36,73.36,72.67,46.94,70.86
72.32,72.32,71.06,60.22,69.65
70.13,70.13,80.91,68.00,67.25
65.10,65.10,77.64,61.33,66.38
67.79,67.79,82.75,66.29,66.93
66.19,66.19,83.43,65.53,66.90
63.91,63.91,78.14,61.04,66.58
64.78,64.78,78.93,64.69,66.99
64.39,64.39,84.95,67.77,66.84
63.90,63.90,81.50,66.67,66.41
59.03,59.03,81.91,71.15,63.22
56.36,56.36,84.79,75.51,58.83
47.64,47.64,81.65,73.07,52.13
39.40,39.40,79.70,73.62,55.90
43.40,43.40,89.36,65.51,67.25
34.86,34.86,90.55,50.57,53.02
42.78,42.78,88.55,47.81,51.61
49.91,49.91,90.20,36.47,53.75
52.43,52.43,89.13,29.92,51.82
54.05,54.05,88.80,32.08,54.17
53.72,53.72,90.83,38.86,50.84
53.50,53.50,86.37,42.36,52.15
51.53,51.53,71.39,52.05,51.07
50.39,50.39,65.77,58.22,53.59
51.87,51.87,81.55,72.14,51.40
67.81,67.81,78.28,68.85,67.21
72.10,72.10,80.65,67.38,74.39
69.42,69.42,82.39,70.86,73.09
68.12,68.12,77.08,66.71,73.08
69.26,69.26,76.11,67.16,72.44
67.14,67.14,83.06,71.09,69.71
62.34,62.34,81.63,69.31,66.78
62.43,62.43,83.14,71.89,65.32
61.45,61.45,84.05,75.64,64.79
56.12,56.12,81.31,75.83,59.83
57.56,57.56,77.75,75.56,56.89
67.07,67.07,88.20,66.82,67.00
67.75,67.75,90.20,55.38,64.15
74.79,74.79,87.76,56.87,67.17
73.84,73.84,89.71,46.38,67.33
71.89,71.89,88.51,37.57,67.02
72.29,72.29,89.50,35.25,66.12
71.70,71.70,90.12,38.47,66.70
71.31,71.31,86.93,46.00,66.72
72.28,72.28,75.60,53.36,68.43
68.88,68.88,68.19,58.96,66.81
69.40,69.40,78.37,72.54,65.76
68.71,68.71,79.52,69.14,68.20
68.38,68.38,82.59,69.62,70.57
67.90,67.90,79.65,68.31,70.01
66.53,66.53,80.92,67.95,70.13
65.96,65.96,77.50,67.17,68.61
66.42,66.42,80.24,68.80,67.08
67.83,67.83,80.07,68.17,67.61
65.99,65.99,84.65,69.08,65.85
59.04,59.04,82.91,73.75,63.76
49.03,49.03,78.90,76.09,59.47
41.76,41.76,77.63,73.46,54.24
50.69,50.69,88.46,72.40,62.77
41.34,41.34,89.99,55.61,56.71
39.99,39.99,89.18,60.46,51.32
44.70,44.70,88.31,50.74,51.85
50.08,50.08,89.96,43.53,53.15
51.98,51.98,90.47,35.42,53.57
53.57,53.57,88.59,39.61,53.92
54.53,54.53,87.82,48.27,55.35
52.92,52.92,77.52,52.22,56.38
52.97,52.97,67.96,56.79,58.97
51.83,51.83,75.05,70.58,60.02
63.88,63.88,80.22,72.58,67.33
74.52,74.52,81.22,67.68,73.31
71.83,71.83,80.30,67.14,71.20
67.34,67.34,80.89,70.28,65.52
70.68,70.68,78.41,67.91,64.60
71.94,71.94,78.12,69.00,64.01
71.75,71.75,82.84,71.06,65.42
71.56,71.56,84.20,70.12,64.04
70.77,70.77,82.20,74.68,61.66
66.69,66.69,81.54,74.19,55.12
54.96,54.96,79.12,74.07,50.91
63.24,63.24,86.37,69.89,62.55
62.21,62.21,89.14,58.89,64.72
69.35,69.35,88.45,59.54,65.10
71.03,71.03,89.31,51.72,65.51
72.42,72.42,90.38,38.47,66.84
72.97,72.97,88.37,28.05,67.10
72.57,72.57,88.45,35.63,67.99
73.14,73.14,90.10,39.34,68.76
73.52,73.52,76.33,46.88,69.44
75.10,75.10,72.19,52.91,70.77
75.34,75.34,75.89,68.23,70.57
74.21,74.21,76.95,70.28,68.51
73.59,73.59,79.85,65.22,67.46
72.73,72.73,81.78,67.13,68.15
71.45,71.45,81.86,69.24,69.23
69.71,69.71,77.97,67.81,69.11
67.08,67.08,80.54,71.53,66.99
67.64,67.64,80.39,66.97,67.25
67.29,67.29,83.59,69.01,67.11
58.64,58.64,81.68,71.54,62.25
53.79,53.79,81.30,75.31,57.43
47.99,47.99,78.05,72.51,56.15
53.45,53.45,87.29,70.34,64.50
59.48,59.48,89.33,58.02,63.79
59.10,59.10,89.26,61.66,57.33
62.97,62.97,88.91,53.17,61.58
65.61,65.61,90.10,42.40,64.09
67.47,67.47,88.00,34.06,63.93
70.37,70.37,90.74,35.68,64.78
69.56,69.56,88.68,45.33,64.86
69.36,69.36,77.96,49.75,64.87
68.75,68.75,73.64,48.17,63.96
68.83,68.83,76.22,62.39,64.44
71.19,71.19,77.98,70.99,66.11
73.47,73.47,78.61,65.54,67.39
73.68,73.68,81.88,63.62,67.07
74.46,74.46,83.81,67.32,65.34
63.17,63.17,78.34,67.51,63.40
57.70,57.70,79.13,67.70,65.28
61.32,61.32,82.41,62.71,65.07
60.71,60.71,83.49,66.10,63.15
60.74,60.74,83.54,71.92,59.60
56.25,56.25,81.20,71.90,56.43
49.14,49.14,76.51,71.10,51.80
49.88,49.88,86.86,70.02,55.41
50.32,50.32,89.07,60.24,62.19
44.62,44.62,90.88,59.28,50.35
47.45,47.45,87.68,54.10,42.92
57.14,57.14,89.83,42.57,43.93
62.81,62.81,89.24,35.97,47.38
64.98,64.98,90.54,36.21,47.96
68.06,68.06,88.09,43.88,49.69
68.81,68.81,82.24,47.47,49.43
69.86,69.86,74.29,51.86,54.14
65.04,65.04,77.75,62.97,52.41
68.38,68.38,79.50,70.80,67.21
74.61,74.61,76.97,65.34,74.20
74.30,74.30,81.34,68.08,72.11
73.53,73.53,83.47,66.01,71.94
74.24,74.24,78.90,66.94,71.46
73.56,73.56,73.75,69.65,71.55
73.45,73.45,84.02,64.96,71.29
71.87,71.87,81.31,60.30,68.57
73.30,73.30,81.66,69.12,71.58
74.43,74.43,82.41,70.02,70.09
75.45,75.45,78.10,71.94,68.80
74.54,74.54,84.60,66.94,64.85
76.02,76.02,88.77,61.02,69.59
70.71,70.71,89.59,55.44,63.79
69.15,69.15,88.84,53.72,63.48
70.85,70.85,89.63,37.16,64.39
71.79,71.79,89.29,34.26,66.32
72.49,72.49,88.35,29.21,67.35
72.58,72.58,88.31,39.12,68.09
71.50,71.50,85.40,41.28,67.60
70.68,70.68,73.67,46.98,66.93
68.12,68.12,75.51,54.67,66.60
69.74,69.74,77.89,69.05,67.84
71.11,71.11,73.24,62.19,69.39
72.17,72.17,81.78,66.38,69.74
71.34,71.34,83.63,62.05,69.83
71.60,71.60,79.71,63.66,70.75
71.79,71.79,75.82,63.67,68.57
70.47,70.47,85.33,64.09,67.09
69.52,69.52,79.70,58.67,68.24
69.98,69.98,83.17,64.51,67.01
69.70,69.70,85.22,70.61,64.49
63.61,63.61,77.52,67.72,57.01
65.67,65.67,82.67,67.86,53.10
74.66,74.66,89.62,60.33,61.60
69.23,69.23,90.09,53.04,60.11
69.73,69.73,87.32,54.38,61.73
61.90,61.90,90.31,46.24,58.04
54.95,54.95,88.80,36.64,58.88
61.42,61.42,88.39,33.69,60.30
63.69,63.69,90.84,41.29,61.20
67.36,67.36,86.65,45.68,62.02
69.24,69.24,73.34,46.32,61.55
68.18,68.18,74.04,52.76,61.58
64.39,64.39,79.93,68.06,60.82
62.74,62.74,74.96,64.66,66.81
69.83,69.83,80.63,63.31,73.44
60.99,60.99,83.42,63.59,78.48
55.79,55.79,79.61,63.45,79.74
51.06,51.06,74.81,63.13,79.47
50.17,50.17,85.55,63.64,74.92
50.81,50.81,79.70,61.69,66.43
47.41,47.41,85.48,62.75,65.66
55.80,55.80,85.00,68.63,65.02
51.09,51.09,81.37,68.30,64.28
47.74,47.74,80.69,68.85,60.17
72.16,72.16,89.42,60.21,66.71
72.33,72.33,89.80,48.33,68.96
70.00,70.00,88.46,48.12,65.72
69.28,69.28,90.07,41.88,67.57
70.80,70.80,89.02,30.90,67.35
72.68,72.68,90.01,31.80,69.48
72.64,72.64,89.33,35.53,68.00
71.73,71.73,87.03,44.22,70.67
72.48,72.48,76.62,43.04,71.06
72.70,72.70,74.24,51.13,67.04
71.76,71.76,79.74,67.74,68.86
72.59,72.59,75.94,63.04,70.26
74.71,74.71,82.83,65.02,72.14
73.29,73.29,81.45,61.37,69.64
72.23,72.23,81.43,59.00,68.93
72.97,72.97,72.36,62.77,69.19
71.65,71.65,83.99,59.49,69.86
71.98,71.98,79.57,58.35,70.97
69.52,69.52,86.17,62.00,67.99
68.95,68.95,84.31,66.68,67.49
69.70,69.70,80.57,68.50,65.28
69.91,69.91,80.34,66.77,59.63
68.73,68.73,87.63,64.85,63.48
59.64,59.64,90.57,53.04,59.23
69.71,69.71,88.35,46.81,62.67
69.10,69.10,88.15,44.35,63.53
64.26,64.26,90.64,38.21,55.83
67.28,67.28,89.68,34.31,55.47
67.87,67.87,88.32,38.30,57.64
67.48,67.48,87.30,44.59,57.96
68.96,68.96,79.26,46.11,61.20
69.16,69.16,76.17,44.32,62.30
63.16,63.16,77.36,63.98,62.68
58.47,58.47,76.34,65.79,66.23
64.92,64.92,82.88,61.70,75.75
60.06,60.06,82.80,59.34,77.34
55.01,55.01,81.60,59.08,77.61
54.63,54.63,74.00,60.54,76.14
54.46,54.46,79.33,60.51,72.74
51.54,51.54,80.53,59.74,66.75
46.49,46.49,84.86,60.95,65.39
50.83,50.83,84.54,65.83,63.63
61.21,61.21,82.92,65.91,63.00
76.69,76.69,79.72,66.32,68.43
69.70,69.70,85.64,62.71,67.62
74.00,74.00,89.50,49.68,68.98
73.90,73.90,89.43,45.43,70.10
74.43,74.43,89.87,41.27,71.11
74.16,74.16,90.07,26.77,72.01
73.82,73.82,87.86,24.95,71.91
71.61,71.61,88.96,26.74,69.79
74.25,74.25,90.23,37.34,72.67
76.36,76.36,77.60,44.29,74.49
75.94,75.94,76.05,44.75,73.40
76.24,76.24,78.88,58.47,74.43
76.77,76.77,77.14,63.75,74.66
75.49,75.49,79.29,59.10,71.74
71.48,71.48,81.41,60.59,70.68
73.57,73.57,81.17,57.82,71.67
75.23,75.23,76.52,59.61,72.56
72.86,72.86,79.19,58.54,70.81
70.76,70.76,81.22,53.47,69.93
67.96,67.96,83.43,54.15,67.81
63.87,63.87,84.73,60.43,65.85
59.14,59.14,84.21,63.83,62.28
59.68,59.68,78.79,62.99,61.04
68.39,68.39,86.58,60.66,62.54
71.02,71.02,88.63,50.39,65.92
70.53,70.53,88.81,48.80,67.98
71.79,71.79,88.10,42.16,69.61
70.43,70.43,89.87,27.97,68.60
69.37,69.37,87.97,20.75,67.23
68.51,68.51,91.03,28.96,66.82
68.51,68.51,88.77,38.76,66.37
68.02,68.02,78.71,38.21,67.56
68.20,68.20,74.92,50.58,66.74
67.46,67.46,78.59,58.35,64.91
66.78,66.78,80.26,65.19,62.89
71.14,71.14,78.99,61.65,70.14
67.67,67.67,82.36,59.00,72.92
57.93,57.93,84.61,58.28,70.51
57.38,57.38,74.52,58.29,68.10
63.53,63.53,76.81,59.44,67.85
65.13,65.13,83.63,57.23,67.31
67.56,67.56,82.15,55.74,66.75
67.94,67.94,85.76,62.02,66.65
60.17,60.17,82.51,62.94,63.64
50.58,50.58,80.60,60.79,57.54
58.93,58.93,85.17,60.19,58.67
69.12,69.12,88.93,49.56,66.71
70.16,70.16,90.50,53.02,68.16
70.75,70.75,87.46,47.60,66.90
69.54,69.54,89.70,34.00,64.78
69.82,69.82,89.87,25.89,65.96
70.37,70.37,89.52,31.42,68.09
72.17,72.17,88.17,34.53,70.32
71.03,71.03,81.67,37.46,68.88
69.25,69.25,74.32,48.70,69.31
67.81,67.81,76.37,60.01,69.41
67.49,67.49,79.43,64.59,69.82
70.54,70.54,77.72,60.49,70.67
68.50,68.50,82.84,61.83,69.27
70.96,70.96,83.58,60.87,69.95
67.17,67.17,75.44,56.51,67.10
70.26,70.26,75.82,60.32,68.63
69.03,69.03,85.66,59.49,68.86
71.24,71.24,80.26,55.57,69.87
71.13,71.13,84.52,63.32,70.52
71.70,71.70,85.56,60.39,70.02
72.40,72.40,82.04,61.23,67.65
75.10,75.10,82.71,61.45,65.97
75.66,75.66,87.53,55.63,68.44
71.16,71.16,88.82,55.96,66.80
69.74,69.74,88.41,52.24,67.50
69.78,69.78,89.43,37.04,68.07
71.02,71.02,89.47,32.58,68.99
69.14,69.14,88.23,28.70,67.39
69.44,69.44,88.72,38.59,68.05
71.36,71.36,86.19,40.85,70.09
73.59,73.59,72.55,43.23,71.28
73.19,73.19,74.21,54.39,70.71
71.11,71.11,80.44,60.32,69.59
66.09,66.09,77.58,57.12,71.54
69.70,69.70,82.92,57.22,73.04
74.22,74.22,84.03,61.32,73.80
74.33,74.33,76.88,61.08,72.32
72.69,72.69,71.34,60.54,73.40
65.80,65.80,85.20,62.37,69.80
63.36,63.36,80.60,61.36,67.55
68.25,68.25,84.67,61.97,68.89
68.27,68.27,86.38,66.55,67.49
62.07,62.07,82.88,59.19,60.86
61.09,61.09,83.98,61.08,56.97
73.30,73.30,88.75,54.64,68.61
74.07,74.07,90.64,50.41,68.13
73.40,73.40,87.61,51.44,69.57
72.90,72.90,90.34,42.33,70.32
73.51,73.51,89.19,33.47,71.43
73.31,73.31,88.68,30.77,72.13
72.16,72.16,90.79,36.75,71.69
71.51,71.51,86.37,41.60,70.65
73.67,73.67,73.39,43.13,72.19
76.22,76.22,70.12,57.74,73.96
74.60,74.60,81.60,64.91,69.28
63.92,63.92,77.08,60.61,68.90
64.90,64.90,81.94,59.72,68.74
65.43,65.43,82.60,63.10,68.20
69.49,69.49,79.74,61.57,70.00
71.02,71.02,71.96,62.97,69.16
71.51,71.51,84.31,63.64,70.33
71.20,71.20,80.58,64.06,69.49
71.81,71.81,84.17,65.65,69.64
73.03,73.03,86.13,67.46,70.44
72.82,72.82,82.78,63.63,69.17
72.36,72.36,77.52,63.06,68.04
74.17,74.17,87.73,58.16,68.92
73.70,73.70,89.76,53.06,64.90
71.52,71.52,87.71,54.31,65.66
66.53,66.53,89.03,43.36,64.43
54.57,54.57,88.86,32.67,58.11
55.04,55.04,90.39,31.00,57.06
56.89,56.89,89.06,33.70,58.42
55.31,55.31,87.18,43.64,57.81
59.22,59.22,76.15,41.98,63.74
58.31,58.31,67.90,51.31,64.54
53.59,53.59,80.42,64.48,62.20
58.83,58.83,79.62,64.75,66.10
74.32,74.32,81.49,59.58,72.81
74.58,74.58,80.90,62.60,72.79
73.77,73.77,80.00,62.69,71.93
72.60,72.60,75.93,64.87,71.91
72.75,72.75,80.17,63.37,72.16
73.52,73.52,80.00,66.45,73.35
70.59,70.59,85.10,62.46,70.39
69.16,69.16,85.52,64.93,71.20
65.62,65.62,83.21,64.32,65.95
67.33,67.33,81.92,60.31,67.01
75.92,75.92,87.05,57.02,75.11
70.99,70.99,89.47,48.86,68.86
70.85,70.85,88.62,47.79,67.88
73.56,73.56,87.57,40.64,71.54
73.32,73.32,90.88,36.88,71.26
71.67,71.67,89.11,33.47,70.80
74.01,74.01,88.27,36.57,73.48
72.84,72.84,88.00,43.26,71.86
74.04,74.04,76.69,44.32,72.80
73.44,73.44,66.85,54.66,71.78
72.14,72.14,76.69,63.72,71.54
71.93,71.93,79.26,65.59,70.90
73.67,73.67,81.51,59.67,70.67
71.75,71.75,82.06,62.73,68.75
70.08,70.08,80.67,63.72,69.00
67.37,67.37,77.17,65.75,66.34
65.17,65.17,78.07,64.22,66.89
69.53,69.53,80.77,65.30,68.51
72.67,72.67,81.90,63.38,69.47
70.66,70.66,83.69,65.66,68.60
69.70,69.70,83.42,63.79,66.01
71.36,71.36,81.71,61.32,65.26
77.39,77.39,85.71,56.19,70.42
74.42,74.42,88.62,44.87,69.48
69.85,69.85,88.76,32.80,66.29
70.25,70.25,89.55,26.21,65.89
68.15,68.15,89.84,21.19,64.75
62.02,62.02,88.45,27.38,58.46
62.13,62.13,88.63,29.62,58.49
63.68,63.68,89.96,32.62,58.37
65.08,65.08,76.94,41.90,61.44
66.61,66.61,72.21,48.00,61.54
64.93,64.93,76.18,59.65,61.05
57.36,57.36,81.34,66.66,63.01
60.60,60.60,80.16,55.94,72.94
62.36,62.36,83.39,62.47,74.50
59.63,59.63,83.08,60.77,71.63
54.93,54.93,79.67,64.40,69.19
53.94,53.94,78.42,65.05,68.23
52.28,52.28,80.19,66.59,67.28
52.48,52.48,81.72,65.45,66.06
53.30,53.30,81.48,66.21,65.12
60.67,60.67,83.91,65.27,61.16
59.07,59.07,80.16,62.98,56.96
64.57,64.57,87.86,60.14,64.95
65.11,65.11,88.68,52.98,65.44
66.17,66.17,89.12,39.77,64.34
70.40,70.40,87.63,30.89,67.28
70.86,70.86,89.63,24.49,67.57
70.63,70.63,88.18,28.38,68.21
71.04,71.04,91.21,30.34,69.82
71.12,71.12,88.41,32.35,69.57
71.84,71.84,78.13,39.72,70.96
69.81,69.81,71.25,47.22,69.34
70.32,70.32,75.43,59.60,70.14
71.54,71.54,80.73,65.07,69.90
70.39,70.39,79.09,62.44,70.55
70.28,70.28,82.86,65.46,70.77
68.58,68.58,85.12,65.59,68.19
71.75,71.75,76.10,66.67,69.74
71.93,71.93,77.44,71.11,68.91
73.58,73.58,82.14,70.65,70.14
75.24,75.24,81.54,68.56,71.13
74.27,74.27,79.88,73.01,71.74
72.68,72.68,84.10,69.52,69.70
72.68,72.68,77.74,70.57,68.08
73.74,73.74,85.55,69.50,69.83
73.50,73.50,87.95,63.23,71.06
68.33,68.33,89.48,50.60,61.77
70.42,70.42,87.72,46.56,66.93
71.38,71.38,89.54,35.17,68.35
72.41,72.41,90.36,31.91,70.09
72.99,72.99,89.14,33.58,70.65
72.94,72.94,87.38,29.28,70.65
73.60,73.60,80.39,38.75,71.81
72.91,72.91,70.03,50.83,71.17
74.51,74.51,73.24,65.59,72.83
73.68,73.68,79.58,63.02,71.00
71.16,71.16,77.10,66.18,68.20
69.31,69.31,83.35,66.48,68.74
71.35,71.35,83.16,67.06,68.62
71.02,71.02,78.41,63.25,68.14
68.70,68.70,75.45,68.18,68.58
59.30,59.30,83.09,71.75,66.47
53.85,53.85,77.91,69.07,64.96
51.92,51.92,81.03,68.83,63.33
51.26,51.26,85.80,71.29,61.50
49.62,49.62,78.70,70.00,56.45
51.41,51.41,84.52,69.99,60.60
64.40,64.40,89.44,62.08,68.01
52.80,52.80,90.10,50.76,60.04
60.60,60.60,89.16,48.09,61.65
72.41,72.41,89.24,38.24,69.88
73.82,73.82,89.65,34.31,69.29
73.02,73.02,88.43,34.42,68.95
71.69,71.69,88.87,38.90,68.87
71.54,71.54,86.46,46.24,68.91
70.36,70.36,71.41,50.63,67.69
67.94,67.94,71.27,61.68,65.86
63.62,63.62,80.27,64.29,63.18
63.61,63.61,77.57,62.64,67.69
59.24,59.24,83.11,65.39,69.25
59.33,59.33,84.36,68.05,67.55
58.44,58.44,79.81,64.96,68.43
58.18,58.18,73.82,66.15,67.68
57.71,57.71,84.50,72.14,66.54
61.96,61.96,79.76,70.79,65.98
62.77,62.77,82.76,67.60,64.52
61.85,61.85,86.90,72.11,61.24
51.54,51.54,80.77,65.97,57.11
45.31,45.31,82.28,69.69,57.12
49.28,49.28,89.25,61.63,64.85
41.69,41.69,90.83,56.24,59.07
45.29,45.29,87.60,52.48,50.88
57.16,57.16,90.16,41.80,50.18
62.14,62.14,88.90,32.46,49.93
65.54,65.54,89.02,32.79,50.76
67.17,67.17,90.74,35.68,51.71
69.07,69.07,86.96,41.23,52.70
69.17,69.17,73.89,45.83,54.11
66.47,66.47,69.94,56.38,56.21
62.29,62.29,78.90,68.08,61.60
75.76,75.76,77.86,63.48,73.81
73.30,73.30,82.96,66.43,74.35
74.62,74.62,81.91,68.43,73.61
72.76,72.76,78.69,68.76,71.64
74.40,74.40,73.75,66.03,73.12
74.95,74.95,81.74,69.06,73.38
72.47,72.47,78.94,69.02,70.67
71.01,71.01,83.16,67.85,69.35
72.29,72.29,85.24,71.74,71.75
73.67,73.67,80.56,68.17,71.87
73.45,73.45,79.47,68.16,71.91
74.84,74.84,88.32,62.99,73.03
69.58,69.58,88.84,54.78,64.77
68.71,68.71,87.88,54.73,64.55
71.21,71.21,88.87,42.47,67.06
70.15,70.15,88.65,33.55,66.52
71.10,71.10,90.67,31.32,68.51
72.06,72.06,88.71,36.30,69.69
72.59,72.59,86.62,43.54,70.50
71.95,71.95,74.98,41.01,68.77
69.99,69.99,66.26,53.56,67.82
69.84,69.84,75.18,68.59,68.34
70.60,70.60,78.32,65.71,70.41
70.66,70.66,82.63,66.71,70.20
68.77,68.77,81.42,65.94,70.34
69.94,69.94,80.12,67.96,70.94
70.47,70.47,76.72,68.07,70.69
68.10,68.10,79.68,65.18,68.88
68.63,68.63,80.88,69.02,68.51
67.29,67.29,84.30,65.50,67.60
69.90,69.90,84.69,71.52,68.76
66.12,66.12,82.73,69.60,62.72
60.50,60.50,79.21,65.89,56.72
68.36,68.36,87.89,65.92,64.47
67.42,67.42,89.82,58.84,65.20
66.84,66.84,88.71,58.54,67.69
64.32,64.32,88.75,49.90,63.69
52.99,52.99,90.27,38.15,57.71
57.59,57.59,88.58,34.50,58.29
60.90,60.90,87.96,34.48,57.84
65.97,65.97,88.39,44.21,59.66
69.34,69.34,76.60,48.80,60.06
68.82,68.82,73.83,54.07,61.15
65.00,65.00,75.88,65.69,60.63
56.48,56.48,77.25,67.17,64.48
60.30,60.30,82.13,64.70,70.84
71.18,71.18,81.64,64.84,71.98
73.91,73.91,81.69,68.03,73.73
73.25,73.25,74.28,66.88,73.35
71.04,71.04,79.10,66.45,71.70
58.90,58.90,81.72,65.03,65.42
54.03,54.03,84.07,65.61,63.90
51.37,51.37,84.07,68.21,63.28
49.44,49.44,84.60,68.47,63.38
45.91,45.91,79.15,65.71,59.07
65.31,65.31,85.31,64.06,67.46
72.35,72.35,88.95,56.20,71.40
68.06,68.06,88.43,60.17,69.03
68.20,68.20,89.91,52.18,67.68
69.42,69.42,90.14,43.37,68.20
70.50,70.50,87.86,41.98,69.23
72.09,72.09,89.25,38.99,69.79
71.10,71.10,90.20,46.86,70.22
72.29,72.29,75.57,46.31,73.45
71.82,71.82,72.76,52.93,68.75
70.50,70.50,74.02,59.49,68.69
71.32,71.32,79.68,69.56,70.54
71.43,71.43,79.68,61.04,70.80
71.14,71.14,83.25,62.45,71.02
70.79,70.79,82.68,63.05,70.07
70.14,70.14,74.76,65.68,69.68
69.88,69.88,77.60,64.86,70.08
71.46,71.46,83.41,65.84,70.82
71.07,71.07,81.78,64.00,70.19
70.72,70.72,85.50,68.08,70.94
71.93,71.93,84.17,68.65,69.26
68.13,68.13,76.98,61.82,59.86
65.89,65.89,86.38,61.74,64.78
59.25,59.25,89.59,56.23,64.25
61.77,61.77,90.39,58.16,60.85
67.57,67.57,88.48,52.82,63.38
64.14,64.14,89.88,44.35,58.50
65.92,65.92,88.38,41.42,54.20
67.60,67.60,91.24,41.16,55.46
67.63,67.63,88.24,42.70,55.14
68.55,68.55,80.49,48.73,57.91
69.70,69.70,72.70,52.50,60.91
65.72,65.72,77.52,59.65,59.00
57.64,57.64,80.66,66.93,62.06
65.37,65.37,78.60,60.94,71.48
67.59,67.59,83.31,63.47,74.33
62.94,62.94,85.29,60.79,75.92
57.68,57.68,73.72,59.19,76.84
54.09,54.09,76.09,61.98,74.80
51.79,51.79,85.14,63.39,67.49
54.76,54.76,83.52,61.11,67.30
51.75,51.75,84.80,65.52,65.34
54.69,54.69,85.88,66.31,60.96
73.67,73.67,78.36,64.27,68.15
73.03,73.03,84.44,59.97,69.62
69.34,69.34,88.43,54.89,70.75
73.37,73.37,90.42,49.00,71.29
73.80,73.80,88.40,48.96,72.19
73.22,73.22,89.54,40.30,72.85
73.20,73.20,90.25,40.45,72.54
70.78,70.78,88.93,39.42,70.47
72.33,72.33,88.18,39.08,72.94
74.03,74.03,82.31,42.86,74.00
74.63,74.63,71.41,49.90,74.81
75.72,75.72,72.02,60.81,75.25
75.72,75.72,79.06,62.26,75.35
74.79,74.79,75.66,56.81,72.76
72.90,72.90,84.34,64.17,69.93
71.72,71.72,82.89,63.56,69.21
73.62,73.62,75.97,54.38,72.19
71.44,71.44,73.73,60.91,70.97
71.58,71.58,85.03,63.68,72.10
70.61,70.61,81.70,60.91,70.33
65.41,65.41,84.81,63.29,65.29
59.14,59.14,86.46,65.74,60.79
58.86,58.86,82.59,59.24,60.41
64.34,64.34,81.78,57.98,55.60
73.13,73.13,88.28,53.31,69.70
69.28,69.28,89.51,45.88,66.33
71.44,71.44,88.79,41.41,69.02
70.91,70.91,89.72,35.35,68.60
69.68,69.68,89.12,34.47,67.25
69.13,69.13,88.18,32.30,66.83
68.71,68.71,89.03,37.49,65.99
69.50,69.50,86.49,43.52,66.44
70.01,70.01,72.65,47.30,67.41
67.83,67.83,69.77,59.20,66.43
60.99,60.99,80.50,61.63,60.10
70.32,70.32,77.71,57.80,68.59
72.59,72.59,83.88,61.42,71.58
64.65,64.65,84.63,62.25,69.38
63.15,63.15,77.10,58.18,68.31
64.65,64.65,72.73,59.06,67.56
65.37,65.37,85.96,64.67,66.71
66.74,66.74,82.51,59.07,64.69
69.33,69.33,82.62,59.84,63.60
62.40,62.40,85.70,62.27,60.64
54.07,54.07,83.99,57.68,57.56
54.80,54.80,81.20,58.40,57.19
69.66,69.66,88.49,50.83,67.04
69.40,69.40,89.86,46.20,67.45
71.51,71.51,87.04,41.13,68.07
67.99,67.99,90.26,34.67,65.17
69.63,69.63,89.16,37.32,65.86
69.63,69.63,89.21,35.64,67.64
71.33,71.33,91.03,40.33,70.71
70.68,70.68,86.60,40.72,69.07
68.75,68.75,75.38,45.83,68.65
69.44,69.44,69.91,57.07,69.87
66.09,66.09,81.78,60.65,69.21
70.77,70.77,79.63,58.14,72.28
69.11,69.11,83.01,62.92,68.97
71.83,71.83,82.80,64.48,71.32
71.13,71.13,76.73,58.68,69.51
71.28,71.28,71.39,60.05,68.53
70.37,70.37,84.72,60.92,68.77
70.52,70.52,81.00,56.06,69.09
69.89,69.89,85.75,61.21,69.79
70.65,70.65,85.01,61.69,69.51
70.65,70.65,84.47,61.45,67.26
73.14,73.14,78.67,59.84,66.16
76.24,76.24,87.42,57.83,68.72
72.02,72.02,89.87,49.51,64.56
70.81,70.81,88.60,39.32,68.59
71.26,71.26,88.64,34.69,69.38
72.23,72.23,89.36,33.24,70.16
69.87,69.87,90.82,30.85,68.42
69.52,69.52,88.78,35.52,67.91
70.03,70.03,87.50,40.04,69.32
72.44,72.44,76.51,41.78,71.34
72.23,72.23,67.66,54.24,71.62
71.47,71.47,80.29,61.41,71.36
69.79,69.79,79.56,60.91,69.32
69.15,69.15,81.58,62.48,71.73
72.56,72.56,80.95,64.52,71.50
74.14,74.14,78.73,60.48,72.07
73.95,73.95,73.77,57.19,72.96
69.35,69.35,79.88,59.11,71.77
62.29,62.29,82.70,57.90,65.91
66.88,66.88,85.60,62.75,66.86
69.60,69.60,85.66,64.46,68.90
64.16,64.16,83.69,63.55,64.00
58.25,58.25,80.25,61.36,58.20
69.62,69.62,87.28,63.42,66.85
71.36,71.36,90.41,57.33,68.06
73.10,73.10,88.78,49.98,70.07
72.64,72.64,89.30,45.68,71.68
72.59,72.59,89.95,46.81,71.07
74.02,74.02,89.09,44.99,72.70
72.24,72.24,88.80,43.08,71.94
71.34,71.34,88.92,47.97,71.38
71.60,71.60,78.46,50.08,70.95
75.59,75.59,69.98,52.00,74.40
74.89,74.89,78.90,59.38,70.73
69.80,69.80,80.12,59.91,67.26
66.87,66.87,81.30,59.94,66.42
69.34,69.34,82.58,59.89,67.93
69.66,69.66,81.12,59.14,68.85
71.08,71.08,74.47,59.11,69.79
73.16,73.16,80.71,60.86,69.68
72.48,72.48,82.53,59.08,68.72
72.50,72.50,84.28,62.20,69.91
74.00,74.00,84.19,64.08,71.50
73.75,73.75,83.24,66.56,68.24
74.50,74.50,78.74,62.97,68.26
74.60,74.60,86.49,60.36,67.92
73.91,73.91,88.71,55.66,65.86
72.29,72.29,88.63,55.46,64.94
67.89,67.89,89.63,49.02,66.48
61.82,61.82,90.36,48.83,62.43
54.43,54.43,88.27,47.16,54.56
58.13,58.13,89.89,44.90,57.59
58.09,58.09,90.17,45.70,56.54
58.97,58.97,78.03,43.91,61.30
62.17,62.17,74.42,52.51,64.35
57.04,57.04,76.66,58.67,62.76
55.40,55.40,81.39,62.74,62.33
70.76,70.76,77.28,57.71,72.55
75.02,75.02,83.36,63.17,72.83
74.04,74.04,82.35,59.78,72.31
72.67,72.67,75.46,55.88,71.08
72.80,72.80,79.48,60.00,72.21
73.81,73.81,83.39,60.71,72.50
71.95,71.95,82.92,62.98,71.05
69.01,69.01,84.96,64.19,69.15
65.71,65.71,82.89,65.28,66.57
62.71,62.71,81.29,61.70,65.31
73.17,73.17,85.01,62.97,73.05
74.30,74.30,88.43,56.64,70.97
70.25,70.25,90.77,56.52,67.67
73.23,73.23,88.42,51.36,70.86
73.46,73.46,89.93,46.38,70.28
71.80,71.80,88.88,47.45,69.84
73.50,73.50,91.40,43.82,73.37
73.60,73.60,88.12,43.72,72.55
72.90,72.90,78.64,49.39,71.60
73.92,73.92,71.61,55.90,72.35
73.30,73.30,75.92,59.52,70.87
71.91,71.91,82.40,62.06,68.59
74.32,74.32,77.31,58.89,70.91
70.70,70.70,81.68,65.25,68.21
71.81,71.81,83.14,62.23,68.34
68.45,68.45,75.27,61.04,67.16
66.87,66.87,78.63,62.10,65.80
68.91,68.91,85.03,60.92,67.54
70.58,70.58,82.27,62.43,67.05
71.62,71.62,84.24,66.47,66.97
71.72,71.72,83.79,63.21,67.09
70.17,70.17,82.51,62.93,63.93
75.25,75.25,84.39,61.75,66.93
76.31,76.31,88.79,55.28,70.40
72.78,72.78,89.68,53.83,66.69
71.23,71.23,87.74,51.44,66.25
69.81,69.81,89.10,46.31,64.46
65.21,65.21,90.70,46.99,59.03
62.75,62.75,89.10,47.01,58.03
64.35,64.35,88.77,45.90,57.00
66.19,66.19,84.25,45.66,57.95
66.90,66.90,72.54,50.84,61.90
66.38,66.38,73.83,55.24,60.60
62.19,62.19,81.20,60.59,60.37
60.15,60.15,77.37,60.94,69.00
68.83,68.83,83.13,61.64,74.53
65.49,65.49,81.57,57.81,72.89
59.24,59.24,78.27,58.00,70.10
52.07,52.07,79.43,59.32,67.96
54.79,54.79,85.33,60.85,67.52
52.23,52.23,82.19,56.09,65.76
52.36,52.36,83.88,62.51,63.88
59.06,59.06,83.74,60.90,60.50
62.22,62.22,83.38,57.92,57.36
60.69,60.69,81.60,59.33,60.82
68.62,68.62,88.73,57.13,69.34
65.42,65.42,90.37,52.78,63.75
70.14,70.14,88.74,53.24,66.96
70.74,70.74,89.68,47.30,68.26
70.95,70.95,89.02,47.62,68.76
71.14,71.14,88.34,44.31,69.53
71.66,71.66,90.06,48.19,70.30
70.93,70.93,85.64,47.32,70.39
70.43,70.43,71.98,49.10,70.36
69.84,69.84,69.08,57.02,70.39
72.74,72.74,82.49,62.57,71.13
71.09,71.09,77.20,59.78,70.16
71.12,71.12,81.95,57.46,69.05
71.77,71.77,84.34,60.14,69.63
70.00,70.00,78.43,59.23,67.65
71.59,71.59,78.16,58.52,68.09
73.42,73.42,84.82,61.98,68.87
72.93,72.93,83.26,57.16,69.98
75.39,75.39,84.16,62.26,70.13
74.25,74.25,83.71,60.76,70.60
72.04,72.04,82.72,53.07,67.25
73.55,73.55,80.97,58.33,69.30
73.19,73.19,87.29,55.91,71.87
69.71,69.71,90.28,52.70,64.91
69.21,69.21,88.01,51.21,66.38
71.36,71.36,90.51,52.06,69.73
71.62,71.62,89.13,47.88,69.45
72.79,72.79,89.25,42.29,70.84
72.58,72.58,90.52,46.46,70.63
73.89,73.89,86.52,46.29,71.66
74.72,74.72,76.73,47.71,72.44
74.78,74.78,70.94,55.23,72.83
73.84,73.84,81.65,64.07,70.42
75.37,75.37,78.67,57.92,68.91
68.90,68.90,82.46,55.35,68.82
70.74,70.74,81.72,55.62,68.99
70.14,70.14,78.22,55.95,68.75
68.86,68.86,79.18,55.88,66.56
63.52,63.52,85.46,58.28,66.34
60.85,60.85,80.46,58.80,64.50
65.89,65.89,85.39,58.46,64.24
60.67,60.67,84.08,54.50,62.18
51.52,51.52,82.11,53.78,57.88
47.09,47.09,79.22,54.03,58.68
63.39,63.39,87.51,57.87,70.45
58.35,58.35,91.08,48.74,64.80
55.18,55.18,88.74,47.06,60.35
69.82,69.82,87.95,47.52,68.63
73.48,73.48,89.47,46.18,70.33
73.08,73.08,90.65,40.95,69.04
72.20,72.20,88.67,37.81,69.54
71.88,71.88,87.58,44.68,69.83
71.45,71.45,77.47,45.02,69.36
68.75,68.75,70.39,52.59,65.22
65.85,65.85,79.29,60.91,63.47
63.86,63.86,79.90,59.47,65.09
58.64,58.64,82.01,56.33,65.38
57.88,57.88,82.70,55.21,66.36
59.57,59.57,80.52,53.24,66.73
58.93,58.93,76.84,52.03,66.03
62.61,62.61,83.51,52.75,65.93
63.77,63.77,82.65,53.80,64.85
67.11,67.11,84.62,52.12,62.93
67.42,67.42,84.85,50.91,61.01
55.75,55.75,82.92,49.95,55.46
45.43,45.43,81.41,49.07,51.92
45.96,45.96,86.89,55.50,63.18
40.81,40.81,89.91,49.67,60.57
41.96,41.96,88.79,45.57,54.21
46.92,46.92,89.17,42.76,51.32
51.25,51.25,89.97,43.27,50.46
52.40,52.40,88.41,40.09,50.53
55.12,55.12,88.56,36.51,50.35
54.69,54.69,89.84,39.42,50.77
56.07,56.07,77.55,41.51,49.34
50.56,50.56,74.40,41.79,53.97
47.69,47.69,77.08,58.28,53.56
50.99,50.99,80.04,57.67,60.41
64.09,64.09,80.58,50.54,67.48
63.60,63.60,82.23,54.88,66.75
71.88,71.88,82.34,50.28,70.51
73.33,73.33,77.12,49.42,72.26
70.88,70.88,81.75,51.21,69.61
70.70,70.70,79.81,52.48,68.67
73.15,73.15,84.79,48.92,71.88
73.61,73.61,81.85,43.70,71.48
72.49,72.49,82.56,52.46,69.88
71.75,71.75,81.96,52.51,67.89
72.53,72.53,86.73,53.21,72.01
70.44,70.44,88.16,48.57,67.37
68.60,68.60,88.31,42.90,66.49
68.64,68.64,90.02,36.37,64.56
67.42,67.42,90.10,35.51,63.45
68.13,68.13,88.23,33.44,64.81
69.37,69.37,90.41,31.20,64.93
70.06,70.06,89.49,32.01,65.56
72.08,72.08,78.60,36.36,67.09
72.99,72.99,75.16,40.32,67.49
71.96,71.96,75.47,52.04,66.10
70.20,70.20,80.99,52.98,65.07
65.78,65.78,78.51,50.03,64.21
63.62,63.62,84.04,49.12,66.08
61.38,61.38,83.31,40.28,64.73
61.80,61.80,76.90,35.88,65.85
58.06,58.06,77.87,31.78,64.80
60.84,60.84,81.18,43.17,65.57
58.70,58.70,85.19,41.77,64.06
56.00,56.00,85.37,37.00,64.64
53.77,53.77,82.85,42.81,59.67
50.03,50.03,82.09,45.16,58.93
50.40,50.40,85.72,48.88,59.70
47.60,47.60,84.72,43.87,58.82
50.81,50.81,86.83,49.86,58.20
55.46,55.46,85.38,50.65,58.77
49.83,49.83,84.38,46.41,59.14
49.24,49.24,83.47,50.98,56.35
50.01,50.01,79.95,50.69,63.56
49.85,49.85,86.23,48.64,62.04
50.00,50.00,80.81,51.82,61.57
49.49,49.49,76.72,51.32,63.99
39.61,39.61,77.96,49.86,58.76
44.66,44.66,82.17,50.50,61.35
51.73,51.73,80.86,52.83,66.62
50.31,50.31,79.27,49.76,67.55
42.99,42.99,78.63,49.36,66.30
37.78,37.78,78.74,42.72,65.29
38.50,38.50,81.06,43.55,61.92
42.58,42.58,82.30,46.29,63.10
37.33,37.33,87.42,51.31,65.61
35.21,35.21,86.69,53.56,63.96
42.40,42.40,80.61,46.82,62.18
34.35,34.35,80.35,42.96,56.65
34.46,34.46,83.43,44.60,54.72
43.12,43.12,80.13,48.81,62.34
42.74,42.74,78.43,51.56,61.70
46.87,46.87,74.36,53.15,60.67
43.15,43.15,76.28,49.15,55.01
33.71,33.71,79.72,45.68,49.41
38.44,38.44,78.20,44.66,56.45
35.80,35.80,79.69,52.29,62.85
33.56,33.56,83.44,53.38,61.20
34.95,34.95,79.54,53.48,59.23
31.08,31.08,74.53,51.02,55.98
34.34,34.34,66.36,43.73,57.91
41.78,41.78,70.75,55.50,70.50
39.21,39.21,75.11,59.22,69.84
41.47,41.47,70.41,57.37,68.38
34.13,34.13,66.96,57.47,66.98
32.41,32.41,74.00,51.13,64.21
29.59,29.59,73.57,63.41,64.75
41.75,41.75,76.40,70.39,68.01
40.73,40.73,82.33,70.71,66.24
38.56,38.56,75.65,67.79,62.87
42.69,42.69,75.93,65.78,63.19
34.77,34.77,74.87,62.19,62.20
38.21,38.21,78.16,63.42,69.78
37.75,37.75,72.14,69.88,69.46
40.59,40.59,67.14,70.93,68.80
31.58,31.58,67.30,64.57,63.34
19.73,19.73,61.89,58.42,57.92
25.00,25.00,58.94,60.39,56.06
29.00,29.00,73.04,69.50,70.20
31.44,31.44,80.38,73.44,69.57
37.12,37.12,80.29,71.65,65.58
29.68,29.68,73.20,66.40,58.31
23.24,23.24,72.80,64.69,57.72
21.98,21.98,64.92,73.28,71.66
19.29,19.29,69.43,77.70,72.91
21.45,21.45,73.64,76.02,71.09
21.69,21.69,70.41,67.68,68.58
18.13,18.13,72.27,56.19,65.16
21.33,21.33,68.43,67.77,65.20
23.14,23.14,68.91,79.08,72.99
27.51,27.51,75.20,78.86,67.91
31.60,31.60,75.91,74.43,64.37
23.96,23.96,70.40,66.70,58.44
18.22,18.22,69.73,55.89,55.86
19.92,19.92,68.32,73.04,67.00
17.30,17.30,68.22,78.97,69.08
20.40,20.40,65.23,77.22,67.18
22.44,22.44,65.36,72.10,60.12
15.21,15.21,62.45,59.85,54.60
14.06,14.06,60.93,60.54,55.51
16.79,16.79,67.49,75.79,66.46
18.55,18.55,76.19,78.62,67.36
18.37,18.37,76.75,76.50,66.96
16.58,16.58,70.44,70.95,64.08
11.01,11.01,68.75,60.45,57.27
15.43,15.43,65.55,69.24,69.30
13.20,13.20,66.15,78.05,72.29
14.97,14.97,67.20,75.45,69.16
15.33,15.33,61.41,67.55,66.25
16.13,16.13,59.03,61.08,63.57
12.81,12.81,54.07,60.96,63.15
12.25,12.25,63.16,73.49,66.85
13.01,13.01,65.37,78.00,68.10
17.22,17.22,66.91,76.99,61.95
18.28,18.28,55.99,75.74,61.67
24.21,24.21,58.15,74.02,57.57
26.53,26.53,58.57,69.81,61.48
24.00,24.00,62.97,64.39,61.68
21.03,21.03,54.63,63.27,62.56
20.06,20.06,58.45,62.47,57.03
19.23,19.23,48.85,57.17,55.38
21.59,21.59,51.66,43.57,53.39
25.22,25.22,56.80,58.36,57.04
27.38,27.38,50.97,62.73,58.37
29.15,29.15,52.53,58.60,58.13
22.73,22.73,53.63,53.73,52.60
18.56,18.56,48.65,54.75,52.46
19.23,19.23,56.45,60.39,62.13
16.99,16.99,57.65,62.17,66.67
11.74,11.74,59.32,60.10,65.49
14.22,14.22,55.91,56.45,64.34
15.60,15.60,54.19,48.54,63.64
24.03,24.03,55.61,46.41,61.67
37.41,37.41,53.74,54.45,62.46
42.26,42.26,55.27,55.56,65.85
49.08,49.08,55.86,55.11,64.72
52.01,52.01,55.28,52.00,64.76
58.82,58.82,55.47,46.38,64.00
71.04,71.04,55.71,42.30,67.66
77.19,77.19,57.63,37.23,67.27
76.94,76.94,51.19,37.67,63.80
77.51,77.51,47.25,38.24,63.80
77.61,77.61,50.29,34.32,62.50
77.52,77.52,42.56,36.92,62.77
77.10,77.10,46.35,35.82,62.86
76.32,76.32,46.55,37.65,60.46
74.05,74.05,47.10,38.02,57.63
64.87,64.87,45.95,38.19,52.21
63.30,63.30,51.73,37.66,55.74
80.69,80.69,51.41,37.27,67.94
79.51,79.51,49.64,40.08,68.48
79.32,79.32,46.91,39.35,67.74
79.86,79.86,49.24,39.87,66.82
79.16,79.16,47.77,33.90,67.88
79.75,79.75,50.25,35.48,65.27
81.05,81.05,48.37,28.69,66.55
81.02,81.02,47.50,39.00,67.40
80.17,80.17,51.88,37.01,66.86
77.04,77.04,52.58,39.07,65.16
76.65,76.65,52.39,32.65,65.24
78.62,78.62,57.58,30.21,67.15
77.68,77.68,61.17,37.13,64.69
79.66,79.66,55.20,34.48,68.26
68.86,68.86,55.21,46.73,68.09
62.63,62.63,51.06,37.22,67.19
64.51,64.51,48.79,31.19,67.84
64.98,64.98,51.85,32.03,66.35
63.31,63.31,46.18,32.36,66.30
62.08,62.08,49.13,36.32,62.77
59.95,59.95,55.49,41.39,64.06
55.24,55.24,48.79,32.64,60.25
56.32,56.32,49.99,28.01,60.99
72.06,72.06,49.10,33.52,70.82
73.11,73.11,48.77,32.88,70.16
66.93,66.93,58.23,41.95,66.57
67.25,67.25,60.35,35.56,61.73
69.93,69.93,58.43,31.70,59.08
68.17,68.17,54.50,38.15,63.53
69.57,69.57,58.85,32.03,65.84
67.46,67.46,61.36,37.67,64.92
65.05,65.05,59.58,43.22,65.73
65.96,65.96,59.82,39.07,62.98
66.75,66.75,56.72,35.02,56.86
65.47,65.47,66.33,37.68,65.58
75.23,75.23,61.24,27.47,70.33
75.45,75.45,57.52,35.74,70.98
77.28,77.28,57.27,26.90,64.06
73.67,73.67,59.92,28.20,60.75
68.31,68.31,60.93,36.13,56.20
67.43,67.43,51.15,31.50,59.19
69.74,69.74,56.30,34.81,59.09
68.75,68.75,59.64,39.97,59.52
67.70,67.70,52.57,36.03,62.09
67.80,67.80,50.69,32.60,61.17
65.55,65.55,51.66,26.86,65.60
70.07,70.07,47.47,27.84,67.04
73.58,73.58,52.65,33.00,69.33
76.15,76.15,58.86,29.67,66.32
76.84,76.84,51.58,24.49,66.82
75.94,75.94,52.89,30.77,63.74
76.88,76.88,53.66,27.85,62.47
77.89,77.89,53.36,32.90,64.14
76.96,76.96,53.77,44.79,61.07
76.79,76.79,51.33,48.75,55.84
77.32,77.32,52.30,54.56,61.71
76.70,76.70,60.58,78.49,68.62
76.04,76.04,62.98,75.16,71.27
75.93,75.93,58.89,77.19,69.02
76.23,76.23,61.62,72.44,63.67
75.88,75.88,59.07,65.11,61.11
76.31,76.31,56.49,61.81,63.87
76.84,76.84,62.14,75.87,67.79
76.77,76.77,66.14,75.53,70.50
75.01,75.01,72.93,71.31,72.14
74.40,74.40,72.01,60.57,65.06
74.11,74.11,63.07,58.23,63.35
74.20,74.20,57.55,80.29,68.05
74.75,74.75,55.73,79.75,67.99
74.33,74.33,56.03,80.63,64.97
72.84,72.84,57.37,75.43,63.12
72.11,72.11,51.24,65.05,62.44
72.57,72.57,51.60,63.23,62.38
75.05,75.05,52.48,77.73,67.04
73.89,73.89,45.61,75.03,65.13
68.65,68.65,50.39,74.21,63.32
65.48,65.48,54.56,64.18,61.45
62.72,62.72,52.94,61.23,61.01
55.84,55.84,63.35,67.65,73.43
56.97,56.97,58.75,71.12,71.81
58.13,58.13,52.47,71.75,69.76
57.93,57.93,52.02,72.27,63.96
55.65,55.65,56.48,66.68,61.88
60.33,60.33,47.85,63.63,61.25
58.16,58.16,50.81,73.98,71.21
59.58,59.58,47.97,77.68,68.30
60.27,60.27,52.61,76.40,68.94
51.52,51.52,57.53,68.88,61.36
48.76,48.76,55.79,64.06,58.80
54.34,54.34,54.17,74.33,72.39
50.50,50.50,55.66,74.22,71.22
49.16,49.16,46.83,72.94,68.74
45.13,45.13,53.38,74.58,64.89
47.08,47.08,51.74,67.72,62.92
42.67,42.67,52.18,61.28,57.23
44.77,44.77,45.82,77.27,71.05
49.63,49.63,41.54,70.96,69.18
48.86,48.86,52.36,74.00,68.52
46.29,46.29,44.59,74.12,65.35
44.21,44.21,53.14,71.95,63.79
50.83,50.83,64.45,72.17,70.31
52.59,52.59,57.51,71.57,72.13
51.58,51.58,66.78,76.79,71.20
51.51,51.51,71.84,77.30,64.47
43.07,43.07,70.97,65.61,63.81
44.32,44.32,63.39,65.28,60.62
51.43,51.43,58.49,73.38,70.30
42.53,42.53,57.80,76.89,71.18
44.74,44.74,56.85,79.18,68.90
40.34,40.34,51.59,66.62,62.13
39.89,39.89,47.11,59.25,56.94
47.65,47.65,52.61,64.96,67.43
45.18,45.18,50.02,78.47,73.88
46.90,46.90,52.66,73.45,73.50
43.37,43.37,54.65,69.77,66.05
33.61,33.61,55.99,69.71,63.65
37.06,37.06,48.93,64.22,62.05
46.96,46.96,47.85,70.97,69.86
44.72,44.72,46.50,70.06,72.91
39.89,39.89,50.66,68.69,69.77
30.95,30.95,49.33,65.60,65.09
31.13,31.13,53.60,67.89,63.63
34.04,34.04,61.95,72.44,65.20
37.85,37.85,66.02,74.57,69.05
38.16,38.16,61.28,78.39,70.08
33.36,33.36,59.48,78.25,63.09
28.44,28.44,50.97,74.22,59.25
27.74,27.74,49.53,64.76,59.15
30.40,30.40,54.29,75.52,68.72
26.02,26.02,56.90,77.32,67.39
24.93,24.93,55.76,75.91,65.15
23.76,23.76,46.38,67.71,58.14
22.71,22.71,47.76,59.60,56.89
24.99,24.99,48.68,63.37,65.53
19.76,19.76,49.69,78.96,70.32
25.81,25.81,47.29,77.06,73.18
25.00,25.00,45.54,75.45,64.74
22.53,22.53,47.66,69.23,56.27
20.95,20.95,42.21,65.03,53.90
22.98,22.98,46.84,71.34,65.89
15.74,15.74,41.69,75.48,66.62
17.12,17.12,53.69,80.18,67.96
16.54,16.54,54.68,82.00,61.80
17.91,17.91,44.75,76.18,61.99
19.46,19.46,56.73,72.83,59.80
23.20,23.20,59.38,68.97,65.43
16.74,16.74,55.47,61.68,65.73
22.55,22.55,57.51,58.04,61.19
20.13,20.13,59.60,48.58,56.18
24.24,24.24,53.72,48.51,55.15
27.06,27.06,55.00,46.62,58.22
26.00,26.00,61.34,50.80,60.26
26.13,26.13,60.23,50.18,58.96
23.59,23.59,59.90,47.98,55.31
20.76,20.76,56.62,46.42,50.98
22.88,22.88,52.06,55.04,57.58
22.47,22.47,51.45,55.03,62.72
13.90,13.90,50.70,58.53,63.43
23.74,23.74,52.14,55.61,61.27
21.96,21.96,50.62,47.90,62.11
24.56,24.56,49.47,47.06,57.86
28.59,28.59,50.22,54.50,60.22
28.91,28.91,60.80,61.16,60.64
30.36,30.36,53.87,59.91,61.60
28.19,28.19,53.68,57.77,60.65
28.12,28.12,50.25,55.78,61.30
30.56,30.56,54.64,47.24,56.94
29.94,29.94,63.13,41.46,63.33
22.33,22.33,51.33,39.58,63.59
22.47,22.47,47.44,36.97,61.66
25.40,25.40,43.04,38.85,59.57
31.74,31.74,46.04,38.13,58.66
33.88,33.88,47.07,40.60,55.52
36.34,36.34,49.04,45.96,58.90
36.59,36.59,45.10,36.72,57.46
40.11,40.11,43.89,45.75,57.97
46.88,46.88,42.75,33.09,58.49
55.70,55.70,42.37,38.99,59.01
69.50,69.50,48.16,42.78,69.67
76.39,76.39,44.98,45.67,70.81
75.97,75.97,45.47,42.65,66.62
60.09,60.09,49.21,41.85,65.34
53.54,53.54,44.68,33.91,62.37
57.63,57.63,40.61,43.53,65.09
68.85,68.85,44.50,47.49,69.38
73.11,73.11,45.90,46.49,68.53
74.80,74.80,50.26,44.15,66.13
73.18,73.18,46.86,31.84,63.43
69.74,69.74,43.90,36.36,61.45
74.42,74.42,41.92,41.30,62.01
77.15,77.15,50.98,36.10,59.63
77.26,77.26,49.37,40.35,64.45
77.77,77.77,57.70,34.04,60.42
77.27,77.27,58.30,30.66,57.35
76.60,76.60,54.08,40.12,58.96
76.26,76.26,52.55,42.12,60.77
76.80,76.80,54.31,34.96,62.27
77.38,77.38,54.82,39.20,61.92
80.01,80.01,55.81,36.12,57.72
80.95,80.95,50.04,32.65,58.46
79.49,79.49,52.26,37.11,66.64
78.84,78.84,45.81,32.84,65.94
77.12,77.12,54.75,41.36,66.21
75.98,75.98,63.64,43.54,64.14
80.53,80.53,56.53,36.44,63.34
79.77,79.77,52.98,38.83,64.14
65.77,65.77,56.73,41.27,66.51
68.13,68.13,53.71,36.03,65.48
65.70,65.70,52.19,39.44,63.16
67.79,67.79,52.12,35.00,62.67
69.95,69.95,52.00,38.48,64.81
71.40,71.40,62.28,45.39,65.40
64.25,64.25,57.66,42.61,65.98
73.36,73.36,55.29,47.21,65.36
78.57,78.57,58.01,47.19,60.48
79.25,79.25,55.88,35.77,56.71
77.43,77.43,48.96,40.88,57.93
76.82,76.82,51.96,41.89,59.29
77.09,77.09,51.56,36.65,57.10
76.37,76.37,55.90,41.34,60.92
76.06,76.06,47.49,36.01,57.96
76.93,76.93,52.45,33.10,58.50
76.88,76.88,50.72,39.18,65.51
76.24,76.24,45.72,36.71,67.13
73.48,73.48,47.77,41.04,66.20
69.09,69.09,58.78,42.28,59.97
64.07,64.07,47.57,30.78,61.08
67.47,67.47,51.16,33.80,58.77
69.90,69.90,49.96,36.67,61.90
70.77,70.77,51.30,34.69,61.14
70.15,70.15,53.96,38.18,60.52
69.13,69.13,51.92,49.44,58.34
68.60,68.60,58.00,58.16,62.07
71.57,71.57,77.07,67.31,69.49
71.93,71.93,83.49,63.21,71.56
75.47,75.47,81.53,57.72,67.21
76.05,76.05,77.36,55.28,63.22
75.75,75.75,70.15,46.38,62.83
74.63,74.63,65.61,54.76,63.33
76.68,76.68,72.87,68.08,70.53
74.86,74.86,69.67,70.32,69.70
73.08,73.08,77.44,70.13,66.30
71.26,71.26,76.97,61.85,62.11
72.61,72.61,65.77,59.23,58.45
75.85,75.85,71.32,71.05,66.54
74.90,74.90,72.02,76.56,66.67
73.07,73.07,74.79,75.91,65.83
69.89,69.89,73.74,71.09,63.18
71.05,71.05,69.16,62.15,64.84
68.51,68.51,61.54,59.89,64.34
65.72,65.72,72.38,65.36,67.03
67.88,67.88,76.15,70.64,65.57
69.64,69.64,79.12,70.39,65.07
65.43,65.43,81.56,61.95,65.85
63.54,63.54,74.46,57.22,65.09
68.62,68.62,73.46,68.26,66.35
66.63,66.63,75.43,75.73,62.98
69.58,69.58,71.45,75.86,61.71
71.87,71.87,78.92,68.32,61.30
74.50,74.50,74.26,57.74,61.81
74.36,74.36,65.35,66.02,60.77
74.80,74.80,75.26,74.81,68.01
72.86,72.86,71.26,76.56,66.81
72.13,72.13,78.34,74.83,66.08
72.92,72.92,76.83,66.73,65.00
73.70,73.70,70.87,57.60,64.02
75.77,75.77,65.89,62.93,67.88
74.28,74.28,74.09,70.72,68.45
74.13,74.13,69.39,72.15,67.98
72.80,72.80,73.49,69.35,67.16
73.19,73.19,71.01,56.29,64.43
72.51,72.51,61.90,50.00,64.81
70.97,70.97,65.75,63.39,69.66
72.49,72.49,73.00,69.30,69.40
70.88,70.88,68.88,69.13,68.19
73.84,73.84,65.55,67.78,66.43
71.93,71.93,61.86,63.57,64.19
77.26,77.26,71.73,63.70,64.75
75.56,75.56,71.55,69.87,71.05
77.21,77.21,72.01,69.82,68.72
76.26,76.26,74.48,61.37,65.07
75.91,75.91,69.98,51.31,63.56
76.46,76.46,61.83,47.61,62.27
75.83,75.83,68.13,60.99,68.40
74.30,74.30,77.07,63.14,69.23
73.78,73.78,71.98,65.00,63.27
78.31,78.31,76.35,61.42,62.98
72.97,72.97,66.90,48.94,60.52
73.60,73.60,69.14,61.77,65.54
69.36,69.36,80.85,67.06,69.36
68.71,68.71,75.89,64.33,69.30
60.81,60.81,75.47,63.93,68.24
58.77,58.77,65.97,53.85,68.38
61.72,61.72,64.64,50.95,64.89
66.10,66.10,68.28,57.94,71.49
70.26,70.26,73.23,59.21,70.23
69.61,69.61,74.30,62.59,70.88
68.32,68.32,74.96,60.03,67.15
67.96,67.96,67.43,47.57,66.42
65.96,65.96,68.03,42.50,62.04
71.51,71.51,79.31,40.00,70.53
70.49,70.49,73.54,41.21,68.31
69.36,69.36,77.28,42.78,66.40
72.30,72.30,67.95,45.86,64.83
73.16,73.16,63.95,47.36,61.56
75.86,75.86,72.69,56.73,67.59
74.65,74.65,75.88,65.12,66.53
73.77,73.77,74.26,69.59,67.24
71.79,71.79,72.82,66.26,65.09
73.53,73.53,70.93,59.28,64.00
74.94,74.94,67.49,58.25,66.27
75.29,75.29,75.43,50.99,71.69
74.43,74.43,78.73,47.02,70.07
74.13,74.13,76.95,53.12,66.86
70.70,70.70,75.13,50.83,65.39
71.47,71.47,63.53,53.99,65.05
72.56,72.56,64.45,68.91,65.95
74.34,74.34,66.25,73.85,65.79
72.59,72.59,69.45,74.77,65.75
75.05,75.05,63.44,72.25,63.37
74.72,74.72,66.43,70.64,63.58
77.40,77.40,65.43,72.03,63.48
76.82,76.82,62.49,63.53,65.94
77.71,77.71,60.61,53.36,65.22
77.09,77.09,58.28,49.09,65.29
73.00,73.00,60.95,40.65,64.56
73.34,73.34,56.30,41.82,64.09
76.20,76.20,54.86,36.36,64.79
75.04,75.04,60.18,41.45,60.01
74.14,74.14,62.42,36.68,63.60
70.04,70.04,65.32,36.73,62.76
71.51,71.51,60.22,28.72,61.32
71.48,71.48,57.15,31.33,63.63
68.73,68.73,65.62,33.51,67.06
71.72,71.72,61.06,30.31,65.19
68.83,68.83,66.08,32.61,66.32
61.66,61.66,61.36,35.75,64.44
66.34,66.34,54.55,30.34,69.20
66.05,66.05,50.40,39.11,67.38
68.58,68.58,64.11,42.84,70.26
69.16,69.16,60.57,39.79,68.84
66.97,66.97,62.04,34.49,68.57
63.05,63.05,60.63,36.73,66.42
59.19,59.19,52.16,40.49,66.64
65.77,65.77,56.31,41.74,68.82
64.47,64.47,47.85,40.10,66.88
68.31,68.31,48.07,42.80,65.81
71.96,71.96,47.39,43.40,65.34
73.33,73.33,44.78,35.82,66.30
74.27,74.27,46.40,39.42,65.27
76.03,76.03,49.55,42.41,66.58
75.45,75.45,49.22,42.49,64.76
76.41,76.41,44.04,39.85,66.52
76.49,76.49,43.46,40.37,67.72
76.62,76.62,43.04,43.54,65.45
76.53,76.53,47.49,47.23,68.21
76.84,76.84,45.86,49.22,68.58
77.53,77.53,45.04,46.72,65.88
77.49,77.49,40.46,40.15,64.87
77.48,77.48,45.37,34.84,63.98
77.60,77.60,43.25,42.02,63.85
76.61,76.61,51.40,31.88,65.22
77.06,77.06,50.72,44.03,66.53
75.89,75.89,49.90,45.79,68.38
77.50,77.50,52.87,34.88,67.58
77.85,77.85,56.50,45.15,64.93
75.78,75.78,63.39,45.31,68.58
79.08,79.08,58.20,40.82,65.90
79.13,79.13,54.82,41.04,69.00
78.62,78.62,53.28,39.89,65.06
79.64,79.64,58.15,35.78,62.69
78.44,78.44,57.85,31.02,65.68
77.08,77.08,54.05,30.53,65.04
76.49,76.49,56.86,36.50,66.48
73.89,73.89,58.25,36.33,65.98
72.46,72.46,52.56,37.16,64.97
75.80,75.80,61.93,42.39,64.98
76.85,76.85,54.84,41.42,70.65
77.53,77.53,49.54,39.07,69.11
78.12,78.12,50.87,35.96,70.50
78.08,78.08,59.13,39.09,67.01
78.12,78.12,59.55,32.71,67.11
70.39,70.39,58.81,32.73,64.92
62.91,62.91,52.80,28.97,65.04
64.87,64.87,53.91,26.19,68.25
65.51,65.51,60.80,38.50,68.85
66.89,66.89,57.29,31.00,67.07
67.67,67.67,55.63,38.65,67.25
76.11,76.11,63.30,38.00,69.95
73.39,73.39,64.81,42.67,68.75
71.19,71.19,59.43,38.16,73.17
71.14,71.14,58.94,37.00,69.61
72.09,72.09,59.37,37.13,70.20
73.73,73.73,58.65,33.17,69.94
73.22,73.22,57.02,28.13,71.58
72.78,72.78,51.48,25.82,72.20
75.07,75.07,59.38,33.57,69.64
74.15,74.15,59.67,24.48,68.67
73.98,73.98,58.30,25.66,71.33
73.28,73.28,52.46,32.03,70.30
77.89,77.89,52.93,36.71,70.82
74.35,74.35,52.67,35.23,71.79
75.88,75.88,59.35,38.45,70.12
72.32,72.32,50.37,34.66,67.70
76.09,76.09,43.32,23.60,68.70
76.00,76.00,51.61,30.23,68.54
76.56,76.56,56.47,28.49,68.77
76.41,76.41,57.87,37.12,66.88
77.39,77.39,57.27,37.00,66.41
76.87,76.87,60.15,22.77,64.32
78.86,78.86,75.22,27.50,70.12
76.49,76.49,81.31,26.59,67.88
77.06,77.06,80.46,27.83,68.39
75.41,75.41,78.92,23.01,66.25
75.24,75.24,73.30,26.61,64.49
74.44,74.44,59.16,27.43,65.24
72.54,72.54,77.14,37.45,68.84
74.25,74.25,75.59,37.99,68.55
74.99,74.99,77.34,38.81,67.97
75.54,75.54,79.18,32.48,66.72
75.63,75.63,74.28,36.11,65.04
74.12,74.12,74.47,38.37,65.59
71.81,71.81,77.33,41.60,69.90
71.80,71.80,75.05,46.04,68.62
67.30,67.30,78.65,46.94,68.39
70.92,70.92,74.34,38.57,68.85
66.56,66.56,65.38,33.14,67.48
65.72,65.72,70.34,40.46,71.89
69.46,69.46,72.80,41.12,72.12
66.60,66.60,73.77,36.64,72.09
67.16,67.16,78.33,40.31,70.50
66.31,66.31,72.46,35.62,71.27
66.13,66.13,71.96,40.25,72.45
67.11,67.11,75.92,42.22,72.37
67.63,67.63,80.04,40.81,68.23
73.93,73.93,82.44,43.17,67.61
73.71,73.71,75.96,42.04,64.63
72.48,72.48,66.63,45.31,65.91
73.72,73.72,74.28,43.78,68.52
74.49,74.49,79.05,46.56,69.84
74.00,74.00,72.36,38.94,67.39
72.68,72.68,67.51,40.27,68.57
72.42,72.42,64.81,41.84,66.58
72.57,72.57,68.58,38.82,70.96
73.48,73.48,73.47,36.02,72.02
74.32,74.32,72.26,36.31,73.12
70.74,70.74,74.85,33.94,69.20
71.80,71.80,69.61,33.10,69.59
68.57,68.57,61.38,39.93,67.87
67.13,67.13,61.25,46.97,72.93
63.77,63.77,69.43,48.63,71.39
68.04,68.04,68.96,47.52,71.40
67.89,67.89,68.99,49.53,69.47
64.80,64.80,69.14,44.70,65.95
70.26,70.26,68.25,34.70,69.94
70.51,70.51,74.24,34.07,70.82
72.30,72.30,80.16,30.45,72.94
70.90,70.90,80.75,26.57,73.86
71.70,71.70,76.60,29.67,69.78
71.83,71.83,69.99,33.01,70.41
70.51,70.51,73.96,37.78,72.27
70.12,70.12,79.02,34.05,71.09
68.63,68.63,78.45,32.60,72.23
68.16,68.16,74.36,33.07,69.48
67.58,67.58,72.50,28.80,69.27
70.72,70.72,67.53,32.83,69.10
74.45,74.45,80.46,33.95,71.76
70.43,70.43,73.16,34.76,71.25
67.11,67.11,75.84,33.55,69.33
66.40,66.40,73.07,30.62,67.83
62.68,62.68,60.85,30.52,68.46
62.71,62.71,64.68,31.77,67.90
62.19,62.19,69.98,31.26,71.37
64.51,64.51,72.00,32.08,72.78
66.28,66.28,70.98,27.37,69.09
69.34,69.34,70.17,27.07,71.60
64.97,64.97,62.96,26.59,70.31
64.62,64.62,76.64,21.42,71.99
62.24,62.24,75.38,29.96,71.50
65.38,65.38,75.09,31.84,71.35
62.48,62.48,70.45,29.50,67.13
62.81,62.81,69.20,34.86,72.02
63.46,63.46,71.90,38.25,72.14
59.26,59.26,80.65,43.10,68.94
55.96,55.96,76.79,41.91,69.60
61.91,61.91,77.95,38.61,70.01
56.93,56.93,77.88,34.90,66.94
60.58,60.58,69.68,37.14,71.09
67.82,67.82,74.21,37.43,72.75
61.32,61.32,76.52,27.38,68.89
64.90,64.90,79.11,29.18,73.05
63.25,63.25,71.60,35.50,69.33
57.35,57.35,70.55,33.61,70.57
54.68,54.68,64.36,32.95,69.10
55.52,55.52,76.98,28.74,72.96
50.97,50.97,78.57,30.21,72.24
57.14,57.14,76.74,33.43,71.36
58.42,58.42,73.64,35.31,69.35
61.35,61.35,70.06,36.90,68.56
71.22,71.22,68.60,40.92,73.82
74.92,74.92,62.72,36.40,71.69
73.45,73.45,57.02,35.54,72.85
73.64,73.64,58.75,36.21,72.01
73.51,73.51,55.69,36.16,70.98
72.32,72.32,57.26,31.14,71.93
71.96,71.96,62.80,29.98,72.25
72.56,72.56,63.06,30.42,71.79
72.31,72.31,58.88,35.07,71.15
71.79,71.79,49.53,32.17,73.29
72.26,72.26,54.09,23.48,72.32
71.28,71.28,54.47,29.56,73.03
70.53,70.53,64.84,31.30,71.46
69.96,69.96,63.58,31.30,70.20
72.77,72.77,56.85,18.14,65.85
75.82,75.82,53.43,26.23,70.17
74.37,74.37,54.30,35.34,70.74
75.95,75.95,60.15,39.93,73.16
76.44,76.44,65.61,39.26,71.69
75.66,75.66,63.48,35.80,71.39
75.96,75.96,58.58,35.84,69.90
77.40,77.40,60.33,37.46,73.29
76.37,76.37,58.01,38.17,72.00
75.25,75.25,53.29,37.78,70.65
73.93,73.93,51.58,37.63,72.09
73.54,73.54,48.61,33.31,69.17
72.69,72.69,49.84,44.71,71.77
74.60,74.60,47.90,44.83,72.01
73.83,73.83,48.93,43.52,72.79
73.62,73.62,47.71,40.43,72.00
71.76,71.76,50.33,35.74,71.07
73.66,73.66,49.21,38.94,71.38
74.34,74.34,46.35,42.62,71.02
72.98,72.98,48.01,41.17,70.44
67.55,67.55,49.02,42.57,70.65
60.03,60.03,45.76,35.54,70.80
65.63,65.63,45.41,41.42,71.14
62.62,62.62,47.70,39.43,70.83
68.24,68.24,50.57,45.48,70.06
69.53,69.53,47.14,44.72,70.92
70.13,70.13,52.16,42.92,70.38
70.78,70.78,51.33,48.72,71.28
71.34,71.34,52.02,39.67,73.23
69.51,69.51,49.49,40.78,68.50
66.78,66.78,54.09,39.63,72.28
71.56,71.56,56.46,42.47,70.68
76.73,76.73,51.76,43.09,73.56
75.36,75.36,56.34,47.70,68.60
74.75,74.75,55.28,40.21,73.17
73.59,73.59,58.53,44.10,71.99
72.20,72.20,50.47,40.73,69.95
71.42,71.42,57.64,40.03,72.00
70.55,70.55,57.71,43.41,70.11
70.26,70.26,51.37,39.50,67.68
70.86,70.86,48.13,40.42,73.54
75.15,75.15,52.89,38.23,73.17
71.57,71.57,49.80,45.53,71.85
72.73,72.73,55.03,38.88,74.75
75.07,75.07,56.49,43.56,72.42
75.53,75.53,56.70,43.58,72.69
74.27,74.27,50.27,48.79,73.70
72.71,72.71,48.31,41.89,72.49
63.30,63.30,53.22,38.71,74.96
59.77,59.77,48.46,40.51,73.18
61.59,61.59,54.32,34.96,74.37
64.40,64.40,51.13,40.33,75.42
61.93,61.93,60.31,44.12,73.26
66.05,66.05,63.20,41.30,73.21
69.37,69.37,57.67,41.00,73.08
72.63,72.63,51.96,48.42,71.32
74.64,74.64,56.51,41.22,72.67
73.48,73.48,49.67,46.68,73.39
74.03,74.03,41.80,37.22,70.56
74.85,74.85,47.84,40.87,73.38
73.64,73.64,54.33,37.04,73.06
71.89,71.89,60.51,36.79,70.57
73.33,73.33,60.65,34.91,71.81
74.89,74.89,54.65,34.75,71.34
76.38,76.38,47.91,31.67,72.01
71.71,71.71,52.62,28.46,69.60
58.43,58.43,63.68,38.86,67.18
60.33,60.33,50.34,35.04,63.06
61.91,61.91,56.75,31.37,65.01
63.54,63.54,50.10,26.99,66.68
67.59,67.59,52.11,33.53,63.24
69.60,69.60,59.08,38.33,65.55
68.21,68.21,64.38,35.94,61.05
65.09,65.09,65.22,38.92,55.15
76.44,76.44,84.09,40.82,65.04
72.28,72.28,90.30,55.68,64.13
66.17,66.17,91.25,54.66,62.85
69.70,69.70,90.28,47.47,66.20
70.92,70.92,89.65,44.30,66.63
71.09,71.09,88.92,54.06,67.00
71.91,71.91,88.95,60.61,66.39
74.06,74.06,88.16,61.13,69.36
74.75,74.75,80.23,58.97,71.00
73.85,73.85,73.26,55.90,70.86
75.16,75.16,77.54,50.50,72.19
75.21,75.21,79.40,45.80,71.97
74.10,74.10,83.76,48.79,70.79
73.81,73.81,82.48,49.27,69.79
74.41,74.41,81.47,51.73,69.74
74.18,74.18,79.13,53.29,69.40
74.75,74.75,78.44,52.26,68.90
73.75,73.75,86.04,53.06,67.51
73.35,73.35,79.55,56.25,70.13
74.71,74.71,80.75,56.50,67.99
75.34,75.34,82.60,52.87,66.33
77.00,77.00,77.87,54.11,61.16
74.54,74.54,82.45,55.44,65.32
74.75,74.75,88.58,54.48,64.05
73.28,73.28,90.16,47.91,61.14
71.43,71.43,87.24,48.37,64.58
68.86,68.86,89.65,47.33,61.61
67.83,67.83,88.18,50.35,60.31
67.10,67.10,90.14,61.45,64.93
67.88,67.88,90.03,63.64,62.43
68.07,68.07,82.60,63.56,64.08
69.47,69.47,72.43,61.18,63.17
67.80,67.80,74.19,56.14,59.20
67.51,67.51,79.99,53.79,63.23
68.75,68.75,83.17,50.49,67.24
65.94,65.94,83.02,47.59,66.33
58.01,58.01,84.41,51.18,66.90
56.91,56.91,76.03,51.92,64.80
60.57,60.57,80.87,51.75,62.93
56.57,56.57,84.16,50.23,60.18
61.48,61.48,86.52,50.63,62.08
58.93,58.93,83.31,51.96,59.64
59.33,59.33,86.04,52.16,54.95
57.87,57.87,77.48,52.87,51.86
66.60,66.60,84.40,54.07,54.19
71.21,71.21,89.58,54.19,58.83
64.59,64.59,91.09,52.73,54.87
66.94,66.94,88.23,48.63,54.63
68.03,68.03,89.92,48.08,57.38
70.41,70.41,88.58,44.51,60.86
73.36,73.36,91.27,55.11,64.89
74.11,74.11,89.33,58.89,66.59
73.28,73.28,83.68,53.82,63.71
74.17,74.17,74.65,51.47,65.68
73.61,73.61,77.33,58.04,66.13
72.12,72.12,78.33,55.45,63.23
73.16,73.16,77.43,56.93,68.58
72.40,72.40,84.95,55.32,67.06
70.06,70.06,86.68,55.40,66.91
68.56,68.56,77.68,49.82,66.59
70.71,70.71,78.78,46.23,65.09
71.87,71.87,86.07,51.05,64.37
74.21,74.21,82.11,54.82,68.22
72.60,72.60,83.57,54.90,61.50
71.48,71.48,84.57,53.53,59.43
70.80,70.80,80.32,51.27,54.99
70.77,70.77,84.60,48.18,52.48
69.61,69.61,89.84,46.09,54.43
63.90,63.90,87.38,50.57,53.88
69.09,69.09,88.77,46.93,59.25
70.36,70.36,88.70,44.56,60.23
70.51,70.51,89.65,49.02,61.09
71.43,71.43,88.62,52.26,63.21
71.80,71.80,90.01,57.65,63.31
69.46,69.46,83.70,56.53,59.55
67.38,67.38,76.44,48.89,57.27
64.09,64.09,76.05,57.58,58.23
53.65,53.65,79.49,57.58,55.27
49.21,49.21,80.18,51.56,65.17
48.06,48.06,86.92,59.18,67.83
56.93,56.93,86.15,59.30,67.30
57.51,57.51,79.68,54.41,67.72
46.95,46.95,76.13,53.20,67.16
45.70,45.70,84.41,52.52,63.51
45.20,45.20,85.70,52.97,62.73
52.45,52.45,85.01,54.16,61.29
53.84,53.84,85.97,54.28,59.60
44.91,44.91,81.23,49.19,52.97
40.79,40.79,81.11,47.21,48.47
40.75,40.75,89.86,51.80,53.75
36.88,36.88,90.76,45.33,50.29
34.47,34.47,88.36,47.15,40.74
33.55,33.55,90.00,46.41,44.46
40.46,40.46,88.82,47.88,46.74
46.22,46.22,88.67,49.43,47.79
49.85,49.85,90.47,53.55,47.75
46.35,46.35,86.38,54.03,47.22
47.28,47.28,73.86,50.88,49.87
41.67,41.67,74.15,52.28,46.72
38.42,38.42,81.54,57.43,50.05
36.96,36.96,75.88,52.35,59.03
48.04,48.04,82.34,53.73,64.88
43.01,43.01,86.38,54.07,65.52
42.25,42.25,80.56,53.76,64.47
39.10,39.10,74.69,56.64,61.78
41.42,41.42,85.97,58.64,58.37
41.66,41.66,81.24,53.61,59.34
41.67,41.67,81.23,59.53,56.93
38.46,38.46,81.84,63.16,54.90
35.62,35.62,81.70,55.94,46.42
31.15,31.15,82.32,61.58,42.86
29.78,29.78,89.07,55.48,47.94
27.11,27.11,90.54,45.01,44.51
26.36,26.36,88.26,40.88,33.52
29.74,29.74,90.24,45.54,39.36
38.29,38.29,89.08,46.28,38.02
44.07,44.07,89.28,45.14,40.94
47.74,47.74,90.51,49.72,45.26
42.70,42.70,86.76,55.94,42.08
42.00,42.00,75.41,55.25,44.49
45.61,45.61,70.58,52.10,47.81
41.79,41.79,80.88,56.80,51.65
38.92,38.92,77.80,46.70,60.65
50.17,50.17,83.28,48.74,75.38
52.04,52.04,83.82,48.20,77.22
49.71,49.71,82.02,49.13,77.80
44.40,44.40,76.47,57.56,79.77
41.29,41.29,83.94,58.96,79.24
39.82,39.82,79.93,53.88,78.32
41.65,41.65,83.97,58.40,76.61
39.11,39.11,83.67,61.79,74.85
32.95,32.95,81.23,59.98,73.12
31.21,31.21,79.81,57.75,67.72
44.17,44.17,89.19,58.84,67.57
50.37,50.37,90.69,49.66,65.89
51.64,51.64,88.92,38.03,67.12
56.41,56.41,88.31,36.36,69.25
57.93,57.93,89.60,40.43,71.04
56.86,56.86,91.12,36.91,71.06
56.19,56.19,88.45,46.42,71.29
57.86,57.86,87.14,51.81,72.12
56.70,56.70,76.98,53.07,73.91
53.54,53.54,70.35,50.84,73.55
55.93,55.93,78.83,54.62,73.14
57.88,57.88,78.98,49.31,75.84
61.42,61.42,82.58,44.89,75.26
64.14,64.14,80.98,47.75,75.83
64.01,64.01,83.73,47.59,75.45
64.50,64.50,75.18,56.36,74.37
64.89,64.89,81.28,59.94,77.22
65.32,65.32,81.30,60.66,74.78
66.67,66.67,84.59,61.07,75.78
68.75,68.75,79.40,62.33,76.70
68.77,68.77,81.16,58.90,74.53
66.15,66.15,79.68,61.15,69.24
61.53,61.53,88.95,62.22,63.09
59.97,59.97,89.41,56.29,63.60
65.29,65.29,89.08,48.73,68.11
67.79,67.79,90.10,41.16,70.57
68.16,68.16,90.44,41.79,71.66
69.17,69.17,88.79,42.86,73.07
69.79,69.79,88.68,49.04,71.76
69.06,69.06,89.48,50.68,71.28
58.78,58.78,76.77,50.78,65.74
48.67,48.67,70.85,51.58,64.95
51.60,51.60,76.72,54.24,63.86
49.76,49.76,79.66,52.84,69.47
45.40,45.40,81.73,48.39,76.15
45.26,45.26,82.62,49.42,77.50
43.46,43.46,84.03,49.12,76.45
39.52,39.52,76.06,51.03,77.24
38.74,38.74,80.06,58.84,71.99
37.36,37.36,82.32,53.54,65.77
41.93,41.93,83.37,54.69,67.22
44.81,44.81,81.52,55.55,66.75
43.91,43.91,83.58,53.01,59.39
37.86,37.86,80.07,52.58,55.23
49.86,49.86,88.40,54.43,63.30
51.31,51.31,90.32,52.71,64.04
50.46,50.46,87.90,56.64,66.50
56.64,56.64,89.17,47.19,68.55
60.87,60.87,89.14,45.27,70.39
60.97,60.97,87.63,48.29,72.99
60.18,60.18,89.97,50.79,74.76
59.95,59.95,86.24,54.16,72.66
57.51,57.51,81.62,51.14,70.81
55.71,55.71,72.70,45.25,71.99
52.08,52.08,78.12,46.94,71.97
45.11,45.11,81.78,56.91,72.81
41.72,41.72,82.07,52.95,73.19
37.64,37.64,83.29,54.72,71.34
35.96,35.96,86.12,54.21,70.54
35.80,35.80,80.21,53.02,68.55
28.97,28.97,79.77,54.00,65.85
31.95,31.95,82.28,57.10,64.80
30.11,30.11,83.97,56.57,65.23
35.71,35.71,81.39,58.19,64.43
31.61,31.61,80.81,56.75,60.82
27.14,27.14,80.55,45.58,55.58
22.13,22.13,87.61,46.90,55.45
12.64,12.64,89.45,40.15,57.64
19.07,19.07,90.78,41.31,60.60
26.20,26.20,87.57,28.90,66.92
31.18,31.18,90.12,25.25,71.25
31.91,31.91,88.00,29.96,71.05
32.38,32.38,90.60,35.18,68.48
30.68,30.68,89.33,33.73,60.23
29.86,29.86,82.22,29.67,66.58
32.10,32.10,74.57,31.17,66.39
28.19,28.19,78.85,37.10,62.71
25.40,25.40,81.20,44.20,59.92
28.04,28.04,78.63,50.62,67.49
21.08,21.08,84.15,47.72,67.46
21.09,21.09,80.59,45.52,66.22
17.39,17.39,81.07,39.80,63.44
14.16,14.16,80.41,42.88,62.76
18.07,18.07,86.65,46.10,60.97
19.58,19.58,82.61,43.04,58.72
17.77,17.77,81.64,42.03,58.75
20.39,20.39,85.65,35.76,55.19
18.02,18.02,79.44,38.78,54.17
14.35,14.35,85.58,39.31,51.74
5.25,5.25,87.89,47.71,59.26
6.67,6.67,91.49,48.33,53.55
8.70,8.70,89.69,51.55,50.61
17.81,17.81,89.39,43.21,47.17
23.07,23.07,89.88,44.51,45.21
29.28,29.28,88.65,45.65,55.62
31.60,31.60,88.97,48.73,55.84
33.09,33.09,87.71,40.03,55.67
31.93,31.93,75.56,35.25,58.09
27.76,27.76,78.36,39.65,55.56
20.06,20.06,80.89,42.21,54.14
20.22,20.22,83.25,40.10,65.64
11.25,11.25,85.11,37.78,67.90
11.34,11.34,82.32,30.38,66.21
13.58,13.58,82.20,38.51,65.46
18.00,18.00,78.42,38.25,63.03
16.38,16.38,86.52,35.69,61.13
16.26,16.26,80.91,35.31,61.63
12.77,12.77,84.17,29.30,61.87
11.70,11.70,80.14,32.84,60.14
7.63,7.63,79.26,30.73,54.45
7.15,7.15,82.66,29.81,50.70
9.90,9.90,89.83,25.43,58.41
4.50,4.50,88.86,33.83,53.04
10.98,10.98,85.84,35.04,51.61
14.05,14.05,89.05,34.18,46.82
21.16,21.16,89.16,35.97,48.27
26.53,26.53,89.02,47.04,54.38
29.09,29.09,92.00,53.54,64.86
32.44,32.44,88.16,56.29,63.01
28.70,28.70,81.93,54.45,55.97
22.23,22.23,76.48,56.35,56.02
22.54,22.54,82.49,54.15,58.35
27.56,27.56,74.81,42.63,68.06
24.43,24.43,84.99,41.45,72.70
22.20,22.20,86.09,41.80,67.87
33.08,33.08,78.90,41.14,69.23
34.47,34.47,75.94,45.56,67.86
25.70,25.70,86.11,41.54,63.10
21.55,21.55,83.59,47.49,64.47
21.82,21.82,86.95,43.43,61.67
18.95,18.95,81.97,45.03,59.22
12.87,12.87,82.58,57.00,51.83
5.59,5.59,83.96,57.97,48.85
5.79,5.79,88.11,51.43,57.55
3.60,3.60,90.74,43.08,53.50
8.03,8.03,87.77,46.21,48.14
20.34,20.34,89.63,44.11,47.86
29.11,29.11,89.01,47.46,50.60
33.74,33.74,89.42,44.38,49.08
40.08,40.08,90.30,54.41,54.51
42.02,42.02,86.70,58.29,55.22
36.99,36.99,75.65,60.81,54.26
31.68,31.68,72.38,65.39,53.17
23.26,23.26,77.62,72.09,55.74
18.71,18.71,76.40,68.20,64.44
12.21,12.21,80.21,62.14,70.64
10.31,10.31,79.35,68.88,69.13
8.42,8.42,78.16,70.84,69.88
9.20,9.20,75.71,73.23,73.29
11.86,11.86,80.75,73.82,72.32
18.98,18.98,79.15,69.73,68.72
15.82,15.82,83.70,65.39,63.53
8.40,8.40,82.87,60.16,56.60
6.33,6.33,80.53,60.19,50.38
7.64,7.64,79.80,57.77,41.98
9.90,9.90,88.81,52.13,49.81
4.83,4.83,90.12,40.28,47.95
6.24,6.24,88.89,35.43,43.37
19.37,19.37,88.01,38.75,42.62
29.38,29.38,89.88,42.63,44.85
35.09,35.09,90.57,47.26,46.95
40.55,40.55,88.50,47.64,50.30
39.84,39.84,87.51,59.33,46.39
38.79,38.79,77.47,59.88,51.21
31.20,31.20,68.69,62.14,56.29
23.54,23.54,76.12,66.67,54.54
23.83,23.83,77.60,60.27,67.63
21.67,21.67,79.95,59.79,72.69
18.28,18.28,80.50,54.23,73.41
14.01,14.01,78.54,58.62,71.28
17.05,17.05,73.12,68.53,70.05
15.13,15.13,76.40,73.88,69.34
17.74,17.74,79.20,71.49,70.22
10.18,10.18,81.99,65.94,70.11
7.01,7.01,83.24,56.93,66.32
3.55,3.55,80.20,43.14,57.36
0.36,0.36,82.03,37.02,50.11
3.11,3.11,86.45,32.32,52.31
0.84,0.84,88.45,22.13,48.93
4.62,4.62,89.08,18.86,46.58
19.08,19.08,89.58,27.58,48.86
29.77,29.77,90.28,34.82,46.95
37.43,37.43,88.19,42.22,50.94
44.34,44.34,88.70,45.31,48.28
43.25,43.25,90.20,49.80,49.54
41.83,41.83,76.31,55.72,51.50
35.70,35.70,71.34,55.31,55.87
29.19,29.19,75.99,54.27,61.83
19.95,19.95,74.04,57.63,68.98
19.64,19.64,74.44,54.94,78.97
19.91,19.91,77.14,45.52,76.57
13.93,13.93,76.45,36.49,77.12
10.18,10.18,73.07,39.10,74.51
9.51,9.51,73.55,46.77,78.58
14.64,14.64,75.91,52.29,73.65
13.31,13.31,74.63,49.53,76.11
11.30,11.30,80.02,45.27,66.95
6.10,6.10,79.65,41.16,64.87
2.59,2.59,79.64,39.19,63.12
13.08,13.08,87.62,40.53,49.70
10.69,10.69,89.44,26.27,45.41
3.36,3.36,88.88,13.83,41.91
15.15,15.15,89.78,10.18,39.28
26.58,26.58,90.43,21.75,44.46
34.75,34.75,88.24,31.55,44.75
41.09,41.09,90.89,36.36,44.96
45.08,45.08,89.24,38.84,46.66
40.15,40.15,78.21,41.96,52.19
36.16,36.16,73.27,45.18,53.94
26.70,26.70,76.40,47.91,64.69
17.84,17.84,75.66,55.55,75.36
19.60,19.60,69.84,58.45,79.86
16.63,16.63,66.81,56.09,79.83
16.65,16.65,65.84,48.00,75.96
17.82,17.82,65.19,41.88,74.84
27.17,27.17,72.45,46.29,78.68
39.20,39.20,71.97,53.99,80.09
46.60,46.60,69.87,48.55,76.27
54.39,54.39,80.02,45.11,70.20
53.86,53.86,80.04,47.32,68.46
50.19,50.19,78.99,45.19,62.38
56.07,56.07,86.45,41.52,64.20
61.28,61.28,88.37,42.98,72.66
54.62,54.62,91.43,41.81,77.70
55.21,55.21,87.99,40.11,78.33
47.70,47.70,89.66,38.90,66.70
49.39,49.39,88.71,50.38,66.91
53.99,53.99,90.59,57.35,73.66
61.84,61.84,88.42,64.31,80.24
68.19,68.19,83.32,67.18,81.28
63.72,63.72,74.30,66.83,69.88
57.88,57.88,74.08,67.94,69.81
61.13,61.13,75.41,68.61,70.13
68.21,68.21,70.12,62.73,79.95
69.97,69.97,67.94,64.66,80.57
67.28,67.28,64.64,58.19,79.45
59.70,59.70,65.83,62.69,72.29
58.78,58.78,67.73,65.62,74.63
64.96,64.96,76.50,68.88,72.48
71.47,71.47,70.60,68.10,80.21
71.73,71.73,73.80,65.92,80.11
65.35,65.35,72.71,62.22,71.70
59.08,59.08,79.02,62.52,66.98
64.37,64.37,84.97,55.94,67.67
71.99,71.99,88.43,41.06,75.46
70.47,70.47,89.77,38.45,73.83
69.66,69.66,89.26,41.70,76.42
60.70,60.70,89.53,42.02,64.86
57.27,57.27,89.09,44.69,62.80
63.81,63.81,88.45,47.75,68.83
69.89,69.89,88.65,54.62,77.64
71.86,71.86,87.18,60.93,77.94
66.30,66.30,75.84,62.03,69.96
59.24,59.24,73.34,61.46,65.32
62.23,62.23,77.94,62.92,70.36
70.46,70.46,72.08,58.76,79.35
68.79,68.79,69.43,58.64,80.09
68.68,68.68,63.16,51.52,79.41
61.01,61.01,63.59,54.63,72.23
58.31,58.31,61.81,56.05,73.29
64.63,64.63,75.40,55.36,73.31
69.35,69.35,74.63,59.05,80.31
70.70,70.70,70.77,63.21,79.48
64.88,64.88,66.98,58.85,75.69
55.94,55.94,78.55,56.77,63.69
60.12,60.12,81.62,58.94,67.92
71.02,71.02,87.73,54.87,75.24
70.51,70.51,90.69,55.43,74.28
70.59,70.59,88.53,54.48,74.55
62.16,62.16,90.39,49.46,61.82
58.15,58.15,88.73,47.03,60.56
64.55,64.55,88.61,50.13,67.57
70.53,70.53,87.57,57.02,76.50
72.20,72.20,86.37,56.86,76.90
67.51,67.51,76.32,52.25,71.76
59.89,59.89,74.68,50.36,65.13
61.34,61.34,78.80,58.28,70.49
70.11,70.11,70.80,64.81,77.06
71.25,71.25,71.11,64.39,81.09
70.64,70.64,59.21,59.75,78.67
63.68,63.68,57.22,54.90,72.00
59.76,59.76,55.90,55.22,72.41
64.18,64.18,68.48,57.43,72.61
70.17,70.17,70.82,61.66,78.37
72.23,72.23,70.15,63.35,78.80
68.15,68.15,69.10,62.16,74.16
60.46,60.46,74.93,57.74,62.37
56.89,56.89,80.38,51.03,64.12
64.79,64.79,88.19,43.97,73.10
70.69,70.69,90.55,33.84,72.61
70.46,70.46,85.93,38.12,74.54
62.79,62.79,89.61,41.79,63.35
56.51,56.51,88.11,39.83,61.39
60.66,60.66,91.18,52.96,67.54
68.22,68.22,89.57,56.74,76.03
70.78,70.78,87.55,51.98,76.70
67.73,67.73,84.43,59.03,71.81
58.16,58.16,72.66,59.85,65.34
60.89,60.89,73.96,57.11,74.08
65.90,65.90,68.27,48.31,77.71
68.63,68.63,60.32,54.94,80.22
63.60,63.60,52.03,52.08,79.64
57.06,57.06,55.49,52.33,78.10
49.78,49.78,59.68,53.88,77.25
49.38,49.38,67.24,56.26,79.55
60.90,60.90,69.93,60.75,78.83
60.97,60.97,66.01,64.75,79.27
58.50,58.50,68.10,66.48,79.23
47.46,47.46,75.10,61.20,70.21
47.17,47.17,77.47,56.07,67.97
54.48,54.48,86.80,41.21,70.91
51.25,51.25,89.82,27.33,72.66
52.50,52.50,88.84,23.50,77.27
46.85,46.85,88.12,27.41,71.44
45.80,45.80,89.07,37.17,64.82
47.65,47.65,90.32,44.17,66.51
51.57,51.57,88.27,45.21,75.07
51.69,51.69,87.94,44.60,76.96
49.23,49.23,77.39,47.71,75.28
45.61,45.61,72.14,55.31,62.68
46.44,46.44,72.83,65.15,70.86
49.38,49.38,69.63,60.63,74.43
51.91,51.91,60.25,54.70,81.10
50.44,50.44,49.79,44.55,79.84
51.62,51.62,43.76,45.57,75.52
49.89,49.89,39.36,44.83,75.05
51.63,51.63,45.52,56.38,77.49
51.59,51.59,64.24,62.47,78.74
51.48,51.48,56.94,64.34,77.67
50.44,50.44,65.30,58.55,77.27
46.13,46.13,73.87,37.95,70.48
41.96,41.96,78.16,38.59,60.36
44.53,44.53,85.18,38.75,65.90
46.69,46.69,89.82,31.14,71.36
43.39,43.39,89.59,23.25,75.02
42.50,42.50,89.84,34.93,73.22
42.12,42.12,89.77,40.85,63.51
41.16,41.16,88.93,42.67,63.27
41.28,41.28,88.82,44.48,73.75
38.87,38.87,90.98,41.17,76.92
44.03,44.03,77.33,43.61,78.44
43.89,43.89,73.89,51.12,71.53
43.30,43.30,74.98,55.43,69.80
43.20,43.20,71.53,54.09,71.41
52.26,52.26,62.86,47.67,79.46
49.13,49.13,48.80,40.80,79.62
43.80,43.80,41.18,44.37,75.34
44.47,44.47,44.91,50.62,73.33
42.74,42.74,51.80,48.22,80.28
42.84,42.84,66.84,49.63,76.00
45.81,45.81,60.58,48.19,79.25
36.71,36.71,66.96,50.17,73.47
28.28,28.28,73.62,52.57,68.22
18.32,18.32,78.76,43.62,58.60
21.13,21.13,87.23,42.79,56.96
22.80,22.80,89.33,14.85,56.14
20.93,20.93,89.46,11.44,48.29
30.36,30.36,88.54,30.04,48.07
37.23,37.23,90.08,40.16,49.90
38.94,38.94,88.03,43.68,55.31
44.20,44.20,91.14,38.06,51.98
44.99,44.99,88.62,29.27,49.70
46.47,46.47,79.33,45.45,48.33
43.80,43.80,74.71,53.69,50.24
40.54,40.54,77.50,56.22,65.13
36.98,36.98,76.75,58.53,66.71
37.64,37.64,67.16,51.88,79.38
33.66,33.66,57.11,39.25,80.08
31.49,31.49,52.62,38.16,75.80
35.66,35.66,58.37,45.91,76.96
38.11,38.11,59.58,55.18,80.06
40.31,40.31,66.58,61.63,80.37
43.79,43.79,63.64,63.39,79.77
48.76,48.76,65.05,62.72,74.46
43.54,43.54,69.81,48.93,68.97
55.02,55.02,76.76,42.48,64.52
62.95,62.95,83.22,30.34,59.31
67.94,67.94,89.61,16.16,67.90
72.74,72.74,90.89,12.12,71.80
70.47,70.47,87.20,16.01,73.04
60.79,60.79,89.29,21.67,59.65
58.88,58.88,89.94,35.47,62.55
70.17,70.17,89.71,36.27,68.81
75.37,75.37,88.15,31.51,74.36
75.84,75.84,81.61,31.54,77.29
67.53,67.53,73.87,36.43,71.97
60.53,60.53,76.08,43.61,66.40
62.74,62.74,77.33,52.14,69.83
71.00,71.00,69.57,52.13,81.15
70.41,70.41,63.67,45.97,82.73
67.93,67.93,61.48,42.20,81.00
62.91,62.91,57.63,49.43,73.34
61.49,61.49,51.61,49.96,75.00
58.75,58.75,60.57,56.96,78.45
57.90,57.90,58.71,59.20,84.43
56.17,56.17,65.11,56.31,82.79
50.65,50.65,63.43,60.81,76.51
47.41,47.41,62.50,57.47,76.84
47.66,47.66,61.23,62.19,76.47
56.64,56.64,62.23,65.98,84.86
57.36,57.36,57.51,57.54,81.27
60.41,60.41,50.70,68.21,81.67
54.29,54.29,46.12,67.03,71.34
52.31,52.31,45.50,66.28,75.10
61.85,61.85,51.50,63.03,76.05
66.38,66.38,52.58,61.87,81.41
66.82,66.82,51.83,63.16,80.46
62.76,62.76,48.38,60.02,78.98
54.58,54.58,46.15,58.68,72.21
55.81,55.81,49.85,63.47,71.80
65.52,65.52,66.20,68.02,80.53
68.31,68.31,61.64,65.12,81.41
69.42,69.42,60.11,65.43,79.54
56.07,56.07,50.98,63.63,73.10
52.15,52.15,46.92,61.90,66.94
60.94,60.94,59.08,62.25,72.70
70.04,70.04,61.51,66.70,79.00
70.11,70.11,59.48,71.19,77.48
64.47,64.47,56.24,73.89,74.07
57.92,57.92,51.42,68.60,67.50
57.22,57.22,50.98,69.21,72.39
68.79,68.79,62.81,69.91,77.32
70.81,70.81,65.14,75.22,77.45
71.92,71.92,66.04,76.79,77.52
61.38,61.38,57.21,72.61,68.72
57.83,57.83,52.12,70.21,68.42
64.24,64.24,54.68,69.91,69.80
70.97,70.97,60.83,75.73,78.18
73.29,73.29,63.11,73.09,76.84
68.62,68.62,57.65,66.83,72.78
60.22,60.22,52.48,67.14,66.27
60.05,60.05,52.55,66.68,68.59
67.19,67.19,67.68,74.83,76.03
68.85,68.85,64.76,81.47,79.65
68.84,68.84,64.41,76.01,79.46
57.99,57.99,56.77,74.00,73.66
54.50,54.50,52.11,67.83,66.99
61.24,61.24,59.78,63.89,73.16
70.17,70.17,67.03,79.02,75.88
72.20,72.20,67.30,78.92,76.73
67.14,67.14,61.31,74.40,73.11
54.52,54.52,57.21,72.67,67.29
57.63,57.63,57.53,68.05,67.61
68.14,68.14,67.08,77.95,72.44
71.35,71.35,67.96,74.32,78.97
69.52,69.52,66.15,78.11,78.57
62.09,62.09,59.01,74.40,68.64
56.69,56.69,52.15,65.93,63.97
61.85,61.85,55.96,65.13,69.71
69.70,69.70,66.12,76.13,78.84
72.33,72.33,67.46,74.74,77.47
69.88,69.88,65.32,77.34,76.03
59.29,59.29,55.90,73.94,64.63
59.51,59.51,56.74,75.03,66.68
64.05,64.05,66.84,76.04,73.23
67.62,67.62,65.46,77.35,79.88
66.59,66.59,64.63,76.84,79.46
61.13,61.13,61.27,73.73,69.81
57.30,57.30,62.07,73.45,66.87
54.82,54.82,61.15,60.20,70.02
66.81,66.81,66.56,76.21,80.24
67.35,67.35,63.93,78.82,78.17
66.85,66.85,62.51,77.04,78.35
55.75,55.75,57.89,72.06,63.64
56.58,56.58,57.82,61.42,65.87
63.09,63.09,64.38,66.10,73.06
70.31,70.31,71.14,72.09,78.86
67.21,67.21,67.25,74.11,78.43
61.25,61.25,58.97,75.47,68.06
54.54,54.54,53.45,66.21,63.85
57.43,57.43,55.88,60.44,69.30
66.24,66.24,65.39,71.40,75.04
67.02,67.02,66.43,79.49,75.95
66.11,66.11,66.53,78.87,78.11
56.86,56.86,66.19,68.44,65.84
57.83,57.83,60.60,67.59,65.14
60.83,60.83,63.78,65.52,72.74
62.27,62.27,64.09,66.59,81.65
61.28,61.28,60.92,68.24,78.25
56.07,56.07,60.62,65.82,70.78
58.74,58.74,60.60,58.43,65.89
55.99,55.99,60.57,57.00,69.30
58.68,58.68,67.54,68.44,79.13
55.16,55.16,64.50,78.88,80.23
54.32,54.32,69.98,77.17,77.92
49.41,49.41,65.37,78.73,75.19
43.93,43.93,67.59,77.88,71.23
46.29,46.29,65.90,71.56,73.04
53.60,53.60,65.98,59.46,79.99
49.14,49.14,57.50,52.97,80.49
49.54,49.54,57.18,41.94,75.98
45.91,45.91,48.63,42.68,68.87
43.58,43.58,50.99,43.54,66.35
46.43,46.43,53.62,46.31,78.56
47.06,47.06,56.00,54.40,80.92
46.37,46.37,56.55,54.56,78.54
41.95,41.95,53.07,37.22,68.60
41.68,41.68,50.14,45.79,63.49
42.95,42.95,53.38,47.06,69.08
44.38,44.38,56.06,45.20,76.96
42.51,42.51,55.08,43.11,79.56
43.99,43.99,57.69,47.22,71.34
40.08,40.08,53.83,42.60,62.28
36.74,36.74,53.91,38.93,64.91
40.52,40.52,56.22,48.24,74.17
42.65,42.65,57.94,53.67,79.21
43.86,43.86,59.52,43.66,77.75
41.70,41.70,57.46,49.97,70.98
45.35,45.35,54.59,49.23,68.61
44.82,44.82,52.70,48.63,66.61
43.01,43.01,60.36,47.42,76.75
36.69,36.69,49.78,44.27,77.30
35.05,35.05,46.62,42.32,71.27
36.58,36.58,45.50,34.75,64.08
37.05,37.05,42.51,36.38,63.84
36.79,36.79,46.81,40.44,66.79
39.41,39.41,53.12,42.21,74.92
39.09,39.09,55.98,40.30,76.22
36.19,36.19,53.25,36.03,62.65
27.53,27.53,52.79,20.85,55.99
27.13,27.13,64.61,10.79,58.69
25.53,25.53,89.20,2.12,62.84
13.71,13.71,91.31,-0.00,54.38
20.92,20.92,86.61,0.53,53.04
25.46,25.46,89.68,8.00,48.01
27.01,27.01,89.81,14.88,42.12
37.17,37.17,89.78,19.22,52.61
35.99,35.99,88.41,17.37,53.88
32.85,32.85,83.70,22.16,53.57
24.80,24.80,72.70,23.41,49.55
16.17,16.17,61.02,19.35,45.73
27.46,27.46,65.32,15.56,57.00
26.78,26.78,88.79,9.44,60.77
14.79,14.79,90.51,8.96,51.00
18.16,18.16,87.67,12.35,44.55
24.64,24.64,89.72,15.96,47.30
36.21,36.21,90.60,22.62,42.10
41.89,41.89,88.45,25.96,47.56
42.91,42.91,88.34,29.02,47.81
36.45,36.45,85.56,25.26,43.20
30.67,30.67,71.57,27.16,37.59
18.21,18.21,63.71,27.60,43.27
19.77,19.77,62.77,28.15,54.63
22.79,22.79,89.00,19.36,61.30
12.58,12.58,89.82,15.33,52.84
15.80,15.80,88.03,24.92,45.15
21.15,21.15,89.37,29.90,41.50
27.24,27.24,89.52,28.76,40.24
33.62,33.62,88.10,34.96,48.91
34.73,34.73,88.96,37.32,48.15
30.11,30.11,86.94,33.79,45.45
23.24,23.24,71.73,28.51,37.81
11.65,11.65,62.83,27.68,38.45
10.85,10.85,63.64,26.60,51.00
14.51,14.51,90.12,23.11,55.64
12.56,12.56,90.34,20.92,48.02
18.01,18.01,88.98,23.58,40.00
26.54,26.54,90.13,27.02,41.59
36.29,36.29,89.67,33.86,39.48
42.24,42.24,88.75,34.06,42.51
48.64,48.64,89.18,42.54,47.12
42.98,42.98,87.08,45.42,40.84
40.39,40.39,73.42,45.01,49.83
37.81,37.81,69.67,55.17,51.22
47.71,47.71,81.28,57.49,58.18
68.71,68.71,89.76,51.50,68.99
72.20,72.20,90.24,47.13,68.60
72.55,72.55,88.37,47.40,69.91
70.54,70.54,90.66,40.30,68.14
69.11,69.11,89.17,45.57,67.70
70.81,70.81,89.11,42.21,69.65
71.66,71.66,90.75,38.40,69.17
70.90,70.90,86.41,41.60,66.68
71.73,71.73,79.54,41.30,72.16
71.60,71.60,71.59,43.42,72.88
70.20,70.20,83.19,54.51,65.35
72.08,72.08,88.19,53.86,70.23
71.22,71.22,90.23,50.93,69.66
70.05,70.05,87.58,42.62,66.94
66.93,66.93,90.13,43.11,67.48
57.32,57.32,89.10,47.76,62.37
55.81,55.81,88.70,46.43,60.50
58.57,58.57,90.71,44.57,63.46
63.19,63.19,86.37,45.38,65.16
66.06,66.06,78.10,47.43,65.61
63.81,63.81,71.12,53.32,65.25
71.51,71.51,84.00,56.83,66.53
76.96,76.96,79.86,59.58,69.86
70.17,70.17,83.75,59.64,71.11
57.76,57.76,78.99,54.50,69.65
53.41,53.41,85.49,52.92,69.62
52.65,52.65,82.81,54.50,69.06
52.36,52.36,82.28,58.92,68.94
51.10,51.10,81.41,58.19,66.41
51.35,51.35,80.68,59.02,66.89
53.82,53.82,86.28,62.32,64.41
56.61,56.61,80.10,58.75,62.27
65.80,65.80,83.30,53.75,63.69
73.71,73.71,89.37,50.28,67.67
74.74,74.74,89.57,46.10,64.91
72.99,72.99,88.82,32.43,66.59
72.17,72.17,89.27,35.97,68.25
71.61,71.61,88.73,43.80,67.90
71.96,71.96,90.99,43.39,68.53
72.03,72.03,88.35,41.40,68.31
72.19,72.19,86.93,44.42,70.04
72.97,72.97,79.14,51.06,71.35
72.66,72.66,64.24,54.21,70.62
70.50,70.50,80.20,60.63,68.99
70.30,70.30,77.95,64.98,70.85
69.04,69.04,80.85,64.04,70.34
70.50,70.50,82.10,56.11,68.84
69.74,69.74,82.02,58.31,68.38
67.51,67.51,73.63,60.38,66.99
66.92,66.92,86.70,62.88,67.37
67.58,67.58,82.36,61.08,66.82
68.00,68.00,84.75,62.74,67.72
67.31,67.31,78.75,63.82,67.22
68.37,68.37,83.81,58.63,64.00
69.49,69.49,78.70,59.53,59.60
72.35,72.35,87.34,62.95,63.67
69.01,69.01,89.18,49.96,61.30
66.79,66.79,89.30,42.64,62.49
68.79,68.79,88.29,34.09,63.38
64.00,64.00,90.21,41.01,56.31
65.34,65.34,88.93,42.11,55.38
65.63,65.63,88.27,44.33,57.31
68.58,68.58,88.18,38.61,59.28
68.73,68.73,78.18,46.87,59.90
69.74,69.74,71.34,52.02,59.76
68.94,68.94,79.90,57.37,59.82
61.15,61.15,80.75,48.41,67.45
70.73,70.73,81.49,57.19,74.22
68.47,68.47,81.98,58.26,74.20
68.91,68.91,82.47,57.44,73.78
68.93,68.93,74.42,51.75,74.40
59.99,59.99,82.91,54.89,65.99
57.47,57.47,84.86,59.60,65.82
58.39,58.39,83.12,57.48,66.89
57.19,57.19,81.20,62.81,65.20
55.76,55.76,84.93,57.92,61.79
56.72,56.72,80.50,60.06,57.23
62.70,62.70,85.51,59.42,66.21
70.92,70.92,89.89,51.69,68.84
70.31,70.31,89.12,35.00,67.27
70.80,70.80,89.87,30.89,70.73
72.26,72.26,90.08,35.31,69.36
73.55,73.55,88.19,42.72,71.11
73.32,73.32,89.04,45.33,70.18
73.86,73.86,90.05,38.06,71.33
73.86,73.86,76.93,39.10,71.47
74.62,74.62,71.86,54.42,72.30
75.13,75.13,76.12,56.59,73.01
73.51,73.51,80.04,56.48,73.45
73.10,73.10,78.64,58.74,69.71
70.11,70.11,82.36,60.16,68.09
73.38,73.38,83.23,62.75,70.43
74.34,74.34,74.98,57.66,71.22
74.21,74.21,81.24,60.04,72.58
73.41,73.41,84.11,55.96,71.06
71.90,71.90,81.95,62.53,68.79
69.81,69.81,82.69,67.46,64.64
60.34,60.34,82.03,69.73,62.93
66.07,66.07,80.25,66.23,64.48
63.13,63.13,86.32,66.85,64.93
75.47,75.47,88.23,59.56,67.39
70.79,70.79,90.17,44.00,61.27
67.20,67.20,87.40,36.63,62.79
69.52,69.52,89.34,35.58,67.54
69.25,69.25,88.08,35.38,69.31
70.71,70.71,91.14,40.61,70.08
70.91,70.91,88.12,45.26,69.24
70.90,70.90,79.26,36.55,69.76
68.76,68.76,72.70,41.26,68.85
67.52,67.52,77.07,51.09,65.90
73.40,73.40,81.77,53.57,71.02
73.81,73.81,79.16,43.09,72.35
64.99,64.99,82.36,49.20,71.46
63.14,63.14,84.86,48.88,73.14
63.36,63.36,74.98,49.54,70.68
61.80,61.80,79.08,55.33,66.65
65.60,65.60,85.67,56.25,66.60
65.58,65.58,82.36,59.70,66.37
66.03,66.03,81.85,64.50,63.76
61.32,61.32,82.07,62.51,61.15
50.13,50.13,80.68,65.97,57.02
55.58,55.58,85.06,66.00,59.27
65.18,65.18,88.93,57.17,68.46
64.47,64.47,89.52,50.30,58.16
65.39,65.39,87.10,48.60,60.20
68.41,68.41,89.22,38.58,65.55
69.18,69.18,90.62,44.02,67.30
69.32,69.32,89.23,43.27,67.15
70.19,70.19,88.24,44.55,67.68
69.95,69.95,83.34,40.99,69.41
70.48,70.48,73.78,46.09,69.75
70.21,70.21,74.24,55.23,70.50
70.27,70.27,79.53,62.70,69.99
68.63,68.63,78.33,51.48,70.14
67.08,67.08,83.43,55.28,68.31
66.23,66.23,82.76,51.65,66.58
69.13,69.13,74.20,51.10,68.67
68.51,68.51,80.38,57.80,68.04
66.55,66.55,86.36,58.78,66.34
67.41,67.41,81.14,56.16,66.84
67.04,67.04,82.50,61.67,66.53
68.31,68.31,83.54,62.58,64.94
69.37,69.37,81.40,64.37,64.38
62.07,62.07,83.57,64.49,63.04
69.88,69.88,87.94,58.80,68.66
68.74,68.74,90.11,48.89,62.98
72.46,72.46,88.49,50.11,69.16
70.82,70.82,89.67,43.09,68.01
71.31,71.31,89.18,46.56,70.12
71.95,71.95,88.50,45.81,71.18
73.18,73.18,89.46,51.10,72.27
72.09,72.09,86.93,47.33,70.74
72.60,72.60,71.76,49.53,70.87
73.71,73.71,72.03,55.32,71.69
72.94,72.94,81.19,63.48,70.04
72.83,72.83,79.15,60.95,71.19
73.95,73.95,81.98,56.56,75.05
67.37,67.37,83.97,59.41,74.99
64.30,64.30,76.97,59.93,77.41
60.91,60.91,77.06,61.28,71.99
59.83,59.83,85.93,63.81,68.35
52.21,52.21,81.40,60.99,66.31
58.85,58.85,81.78,61.41,66.38
58.78,58.78,82.59,63.36,63.64
54.69,54.69,81.89,61.33,59.85
53.40,53.40,81.48,64.71,59.21
69.07,69.07,88.98,57.67,71.60
67.35,67.35,90.26,52.05,69.79
70.90,70.90,87.03,51.40,72.93
70.36,70.36,90.59,48.35,70.97
70.03,70.03,89.01,44.93,69.88
71.94,71.94,89.11,42.76,71.44
69.51,69.51,90.85,47.53,67.35
69.07,69.07,86.74,48.58,67.47
67.76,67.76,74.54,47.59,66.22
62.90,62.90,70.64,54.45,65.42
62.08,62.08,81.78,64.47,66.72
57.73,57.73,77.76,54.25,69.74
55.22,55.22,83.23,49.92,77.43
55.41,55.41,81.44,51.36,74.38
55.75,55.75,80.83,56.68,76.55
55.12,55.12,75.41,50.89,77.66
55.27,55.27,86.07,52.16,75.51
54.75,54.75,82.42,50.75,75.28
56.40,56.40,82.28,56.11,75.06
53.42,53.42,82.94,60.97,74.16
51.68,51.68,79.53,64.71,75.50
44.98,44.98,78.65,63.96,72.21
55.41,55.41,87.64,61.93,70.41
51.14,51.14,90.13,53.82,66.72
48.18,48.18,87.66,52.74,65.69
49.40,49.40,89.12,49.54,59.29
49.16,49.16,89.39,46.43,54.76
52.94,52.94,90.89,45.64,55.62
55.74,55.74,88.88,42.29,59.84
57.35,57.35,87.27,48.88,63.91
55.35,55.35,76.17,44.12,62.59
50.64,50.64,70.75,50.28,61.82
47.64,47.64,81.65,53.96,61.01
55.30,55.30,80.49,53.59,75.09
55.61,55.61,82.38,48.12,77.80
53.41,53.41,80.14,41.00,78.11
48.07,48.07,82.33,43.83,76.41
47.43,47.43,75.64,44.32,75.76
48.06,48.06,83.05,43.32,76.28
50.98,50.98,83.71,44.41,73.85
53.14,53.14,82.70,47.08,73.79
61.25,61.25,82.31,58.87,69.78
62.95,62.95,77.63,62.43,67.03
64.11,64.11,81.39,64.18,65.19
65.23,65.23,87.74,65.96,70.87
63.12,63.12,90.13,57.29,66.62
68.31,68.31,88.38,48.22,69.44
71.46,71.46,88.95,40.76,71.22
71.72,71.72,90.06,40.17,71.54
70.87,70.87,88.87,40.48,70.97
71.44,71.44,88.47,44.30,70.83
71.63,71.63,88.64,41.12,71.24
71.99,71.99,76.79,37.17,72.70
72.27,72.27,70.28,54.64,73.32
71.49,71.49,78.46,60.90,72.65
66.50,66.50,80.00,62.47,71.74
66.67,66.67,80.95,60.67,73.53
65.90,65.90,81.39,55.29,70.78
68.71,68.71,83.40,55.58,71.73
66.97,66.97,74.55,53.44,71.63
70.56,70.56,81.29,54.71,72.37
69.25,69.25,84.10,51.74,68.79
69.63,69.63,82.04,53.63,68.15
71.33,71.33,82.18,58.23,70.96
72.13,72.13,80.54,58.97,70.62
70.93,70.93,81.16,58.49,68.17
73.00,73.00,86.84,60.37,73.04
71.01,71.01,89.45,56.62,69.89
69.53,69.53,88.28,44.66,68.11
70.72,70.72,89.70,32.58,69.86
70.75,70.75,90.83,40.48,68.75
70.18,70.18,88.59,42.67,69.12
70.03,70.03,89.87,41.75,69.30
71.32,71.32,90.02,39.53,71.45
71.61,71.61,77.02,38.08,72.01
72.31,72.31,70.09,52.93,72.63
70.18,70.18,74.19,63.28,69.70
71.32,71.32,80.42,60.90,71.08
69.30,69.30,81.49,63.31,73.67
64.01,64.01,82.10,61.53,72.03
59.21,59.21,83.67,59.50,73.16
58.07,58.07,77.44,58.29,71.91
53.27,53.27,77.50,58.61,68.80
51.77,51.77,83.24,54.28,67.99
55.05,55.05,81.09,57.10,66.13
56.67,56.67,81.46,57.51,64.44
48.39,48.39,82.79,57.97,61.18
49.21,49.21,79.36,56.84,61.30
61.82,61.82,86.27,57.81,66.26
65.25,65.25,87.89,53.51,66.38
57.01,57.01,90.76,45.66,61.18
58.57,58.57,88.54,34.63,60.25
67.28,67.28,90.20,40.68,66.90
70.76,70.76,88.86,45.95,69.57
71.55,71.55,91.21,42.78,69.39
70.20,70.20,87.85,37.73,67.87
68.25,68.25,80.07,36.52,68.41
68.72,68.72,67.97,47.58,68.69
70.18,70.18,73.62,62.53,69.44
66.56,66.56,80.43,63.97,68.98
66.77,66.77,79.77,62.96,71.49
62.28,62.28,81.21,60.87,70.86
63.61,63.61,85.05,60.68,72.05
61.71,61.71,77.71,59.15,70.28
65.61,65.61,77.17,52.02,72.36
61.93,61.93,84.42,50.23,69.94
60.34,60.34,80.57,54.49,68.31
55.07,55.07,80.02,49.24,66.52
60.66,60.66,84.22,56.21,64.56
52.48,52.48,78.97,55.20,61.65
61.46,61.46,85.60,55.69,65.99
63.07,63.07,87.92,49.22,71.38
66.73,66.73,90.38,45.05,69.86
68.44,68.44,88.80,33.99,67.53
71.23,71.23,90.09,40.10,69.02
71.06,71.06,91.16,43.77,70.46
71.31,71.31,89.57,44.27,70.69
72.03,72.03,88.10,39.71,71.27
72.30,72.30,83.78,35.95,71.38
73.84,73.84,69.23,46.85,73.72
74.33,74.33,70.10,62.90,74.31
72.07,72.07,77.64,64.32,72.78
72.32,72.32,79.07,64.02,72.14
72.40,72.40,82.15,61.85,73.40
73.58,73.58,83.14,60.03,74.50
69.72,69.72,79.47,60.99,71.90
67.35,67.35,76.35,58.42,72.04
72.09,72.09,85.10,56.49,71.82
71.62,71.62,78.35,56.37,70.54
62.23,62.23,81.06,53.94,69.01
51.67,51.67,86.27,54.38,64.93
46.97,46.97,79.78,54.67,63.50
52.82,52.82,84.08,51.07,63.96
57.96,57.96,88.94,50.79,71.28
48.82,48.82,90.43,38.79,64.45
53.51,53.51,88.70,23.83,60.08
60.26,60.26,90.07,32.34,62.99
70.76,70.76,89.18,41.71,69.40
72.95,72.95,88.66,42.53,69.93
73.68,73.68,89.91,37.88,71.05
71.76,71.76,86.62,31.34,69.48
70.39,70.39,67.15,38.63,69.09
72.34,72.34,70.30,51.63,70.54
72.52,72.52,80.24,54.02,69.76
71.97,71.97,79.74,56.41,71.45
70.64,70.64,81.89,50.78,71.59
70.38,70.38,84.70,45.33,69.58
68.76,68.76,80.73,51.66,69.55
70.13,70.13,71.57,50.55,70.96
66.41,66.41,84.45,46.86,70.12
60.37,60.37,80.08,47.11,67.46
61.69,61.69,81.33,47.09,67.56
65.07,65.07,84.32,47.66,67.38
63.37,63.37,80.69,45.02,65.13
54.51,54.51,82.69,45.99,65.18
47.83,47.83,88.16,38.60,66.32
51.59,51.59,90.63,38.97,62.82
57.71,57.71,87.86,38.00,62.83
56.96,56.96,90.37,27.05,62.16
56.17,56.17,89.10,30.85,59.66
51.21,51.21,89.25,37.34,58.11
52.61,52.61,90.51,36.23,58.32
54.14,54.14,86.92,34.57,57.25
57.03,57.03,72.62,29.01,59.61
71.43,71.43,68.33,43.96,71.65
73.79,73.79,80.90,55.47,73.26
73.64,73.64,78.21,47.80,72.43
73.86,73.86,83.33,40.02,72.73
74.92,74.92,82.01,44.93,72.85
74.92,74.92,82.24,44.97,73.87
75.15,75.15,67.33,46.60,74.84
73.59,73.59,81.79,49.62,72.47
72.70,72.70,79.47,51.32,72.99
72.79,72.79,83.74,51.71,71.75
73.32,73.32,81.21,52.71,71.75
73.06,73.06,81.70,54.40,70.23
71.72,71.72,78.93,52.32,68.12
71.84,71.84,87.83,42.23,72.55
66.94,66.94,90.47,50.04,65.09
66.55,66.55,89.38,46.98,64.69
67.40,67.40,88.49,40.57,65.47
67.28,67.28,89.61,39.78,65.99
65.86,65.86,90.84,38.91,65.48
66.13,66.13,88.32,45.30,66.90
70.16,70.16,87.40,45.99,67.54
71.42,71.42,76.00,36.04,68.03
70.16,70.16,67.50,42.74,68.24
69.05,69.05,77.39,56.49,67.46
65.30,65.30,80.18,52.85,68.85
66.85,66.85,83.97,47.48,71.18
70.58,70.58,82.05,52.66,72.96
71.44,71.44,83.47,53.70,73.43
72.80,72.80,73.86,53.26,74.73
71.03,71.03,78.50,54.60,72.07
71.36,71.36,82.21,52.38,72.30
69.84,69.84,83.53,49.98,70.30
70.30,70.30,79.53,54.41,72.08
71.39,71.39,83.13,55.84,73.02
68.64,68.64,79.49,58.04,67.25
70.09,70.09,86.95,54.33,70.80
70.56,70.56,88.97,47.21,69.55
69.10,69.10,89.09,47.47,69.15
65.48,65.48,88.75,43.87,69.04
61.04,61.04,90.05,40.42,63.26
53.86,53.86,88.55,36.63,59.46
56.79,56.79,88.35,38.51,60.22
61.32,61.32,89.46,40.43,60.66
67.10,67.10,76.03,37.24,65.80
66.26,66.26,72.10,43.84,64.32
64.57,64.57,75.80,56.25,65.24
75.41,75.41,79.44,53.85,73.14
71.18,71.18,81.63,53.97,71.63
56.64,56.64,84.71,47.20,70.30
57.91,57.91,83.24,47.32,69.16
57.23,57.23,76.41,50.35,68.29
52.57,52.57,78.10,47.65,69.17
49.98,49.98,83.12,49.41,67.22
53.71,53.71,83.75,45.71,68.35
54.81,54.81,80.38,50.78,67.75
53.10,53.10,85.60,58.52,63.87
62.35,62.35,80.90,59.06,65.13
69.33,69.33,88.04,56.80,71.75
70.08,70.08,89.46,50.08,68.10
69.80,69.80,88.47,53.43,66.57
69.51,69.51,89.25,47.41,67.89
69.91,69.91,90.41,48.37,68.57
69.73,69.73,88.52,44.52,69.12
69.28,69.28,90.29,46.46,67.30
70.05,70.05,89.99,51.66,69.63
72.75,72.75,76.91,43.81,72.22
72.81,72.81,74.61,44.26,72.91
72.06,72.06,75.27,59.05,71.88
70.11,70.11,80.40,60.08,72.00
68.38,68.38,80.66,51.39,71.43
67.18,67.18,84.21,54.56,70.73
67.07,67.07,85.64,53.83,69.41
67.43,67.43,78.42,56.53,69.36
67.85,67.85,78.92,59.98,69.51
67.51,67.51,84.95,55.55,68.04
67.79,67.79,82.47,55.05,70.47
67.95,67.95,84.91,60.72,68.95
66.21,66.21,85.86,62.54,66.23
68.46,68.46,82.64,61.85,66.28
70.83,70.83,88.43,59.28,66.52
68.21,68.21,88.88,54.86,65.50
61.26,61.26,91.67,54.25,62.80
63.64,63.64,88.70,46.65,61.89
60.85,60.85,91.11,43.19,61.45
62.27,62.27,90.38,44.84,55.91
62.14,62.14,91.96,42.10,56.85
67.45,67.45,89.59,46.26,60.11
68.56,68.56,81.69,37.63,63.33
70.42,70.42,75.50,39.52,64.75
69.96,69.96,75.90,49.04,64.92
62.90,62.90,82.53,62.64,66.89
63.87,63.87,81.34,54.30,77.82
63.40,63.40,83.86,58.60,77.38
62.78,62.78,86.23,54.47,79.28
61.23,61.23,79.23,57.31,78.10
58.30,58.30,78.14,62.15,74.40
59.19,59.19,86.57,58.37,71.23
57.83,57.83,82.67,53.35,68.23
58.03,58.03,84.63,60.58,69.79
55.92,55.92,88.56,64.52,66.46
59.40,59.40,81.19,65.33,65.67
61.97,61.97,87.06,57.68,67.74
65.69,65.69,89.65,55.43,73.68
67.47,67.47,91.50,54.64,68.99
67.83,67.83,90.67,55.17,68.84
69.03,69.03,91.40,44.13,68.86
70.57,70.57,91.56,42.31,69.20
70.45,70.45,90.26,45.19,70.18
70.45,70.45,89.85,49.66,70.66
74.37,74.37,86.47,48.56,73.69
76.10,76.10,73.74,41.98,76.13
76.72,76.72,75.28,52.46,76.56
76.41,76.41,79.69,64.03,77.08
75.40,75.40,81.13,55.13,75.75
72.23,72.23,85.03,58.24,75.18
69.61,69.61,86.30,52.96,72.82
72.35,72.35,81.13,58.94,75.27
73.66,73.66,76.77,63.00,75.36
70.89,70.89,87.87,60.18,72.47
71.52,71.52,81.71,57.86,72.54
67.71,67.71,83.51,61.85,71.86
60.55,60.55,89.35,68.08,70.29
67.47,67.47,83.57,65.69,68.29
68.47,68.47,86.56,63.56,63.57
73.01,73.01,89.71,58.33,73.87
71.52,71.52,92.09,54.02,69.31
68.04,68.04,90.03,52.74,64.00
66.20,66.20,92.45,50.78,66.19
65.31,65.31,91.18,44.92,67.65
67.51,67.51,91.09,45.83,68.76
68.64,68.64,92.62,54.70,66.54
72.18,72.18,89.22,52.57,72.71
71.54,71.54,76.19,45.68,74.36
68.93,68.93,71.88,50.86,71.87
74.89,74.89,84.90,63.53,76.26
77.22,77.22,79.99,58.74,78.35
67.92,67.92,84.82,55.16,75.21
64.64,64.64,87.28,58.20,77.37
65.06,65.06,84.65,59.39,77.47
65.55,65.55,79.44,63.62,73.91
63.27,63.27,87.55,64.83,73.00
62.63,62.63,83.59,51.58,71.73
63.41,63.41,86.77,62.23,71.37
58.58,58.58,89.05,64.64,68.91
61.29,61.29,84.57,66.31,69.78
58.90,58.90,85.56,63.00,63.76
63.68,63.68,90.39,55.28,73.48
57.91,57.91,92.60,48.88,67.27
62.58,62.58,90.88,47.02,65.51
65.93,65.93,92.96,51.37,67.32
66.92,66.92,91.64,46.97,67.82
66.84,66.84,91.56,46.09,67.84
66.89,66.89,92.73,52.60,68.06
69.67,69.67,90.28,55.48,71.19
73.02,73.02,79.85,50.68,74.56
74.16,74.16,75.27,48.77,75.37
73.57,73.57,84.15,63.94,75.15
74.16,74.16,83.47,56.00,75.21
69.19,69.19,85.84,58.12,75.13
66.90,66.90,85.95,56.98,73.16
69.67,69.67,85.33,57.88,75.99
70.76,70.76,81.43,62.28,74.82
70.17,70.17,85.48,63.56,72.97
69.97,69.97,84.67,59.15,73.42
66.42,66.42,88.31,63.03,72.48
63.67,63.67,87.31,66.64,68.54
64.13,64.13,84.04,67.85,70.11
58.70,58.70,85.93,64.41,65.77
67.55,67.55,90.16,60.82,71.87
69.18,69.18,92.36,45.94,66.82
71.19,71.19,91.10,46.88,69.16
69.42,69.42,90.82,47.57,66.62
66.18,66.18,92.87,49.38,65.78
67.16,67.16,93.17,43.01,67.23
69.54,69.54,91.75,50.11,71.83
73.01,73.01,91.00,53.31,72.14
76.03,76.03,82.12,50.14,77.29
75.59,75.59,76.20,49.70,76.25
74.71,74.71,82.59,62.20,74.76
74.10,74.10,84.70,61.46,76.37
74.60,74.60,87.04,58.14,77.41
70.99,70.99,86.47,58.61,80.94
63.73,63.73,86.31,56.97,79.04
60.99,60.99,81.91,59.88,78.66
59.12,59.12,84.86,64.33,73.47
58.18,58.18,87.71,59.40,71.37
55.19,55.19,85.97,64.64,71.93
52.94,52.94,87.41,68.00,70.90
56.05,56.05,86.93,66.91,68.16
52.38,52.38,87.04,66.22,69.01
55.98,55.98,91.37,62.67,74.34
55.03,55.03,90.70,48.19,72.70
55.46,55.46,91.06,49.08,73.92
59.57,59.57,92.28,51.17,70.95
59.83,59.83,92.95,47.76,67.47
62.24,62.24,91.98,41.29,70.69
64.61,64.61,91.53,49.96,70.79
66.39,66.39,93.60,53.59,66.45
70.16,70.16,82.63,53.78,72.45
69.36,69.36,78.42,56.86,76.41
64.76,64.76,83.50,63.48,72.71
62.91,62.91,85.01,64.50,72.25
60.09,60.09,87.73,58.10,75.41
58.11,58.11,86.47,58.64,74.91
55.42,55.42,87.43,55.69,75.08
59.51,59.51,83.53,55.82,77.03
58.29,58.29,84.95,60.14,75.77
54.48,54.48,86.78,58.32,72.89
56.40,56.40,85.10,60.34,73.60
53.79,53.79,87.03,64.73,71.67
54.06,54.06,89.47,67.37,71.46
54.59,54.59,86.98,65.11,71.45
58.72,58.72,90.15,59.76,72.61
52.83,52.83,91.62,52.26,70.01
46.14,46.14,92.26,56.31,67.96
44.35,44.35,92.75,52.67,60.79
44.81,44.81,93.62,53.88,62.48
45.64,45.64,92.80,45.25,59.97
45.38,45.38,94.14,47.15,60.68
47.32,47.32,93.14,55.29,61.35
54.49,54.49,85.61,51.61,67.55
59.15,59.15,80.78,47.67,70.60
57.01,57.01,84.36,60.51,71.36
53.96,53.96,87.78,65.49,74.76
58.69,58.69,86.97,58.77,80.83
56.95,56.95,86.05,57.35,80.28
52.86,52.86,88.32,57.64,78.49
56.43,56.43,82.06,56.00,80.66
57.17,57.17,81.55,58.50,79.88
53.91,53.91,90.11,56.67,73.67
57.29,57.29,85.88,54.59,75.41
55.16,55.16,86.20,62.88,73.26
57.35,57.35,90.31,64.24,72.97
63.12,63.12,84.96,63.95,75.36
65.86,65.86,91.67,62.60,73.18
67.17,67.17,90.46,56.69,76.32
61.42,61.42,92.47,53.44,69.70
61.54,61.54,90.76,50.34,70.29
60.29,60.29,93.80,49.82,67.48
60.79,60.79,91.78,48.47,65.48
61.95,61.95,93.59,44.39,62.36
63.74,63.74,91.56,54.44,66.80
70.65,70.65,88.07,54.44,74.29
75.75,75.75,80.49,46.52,82.87
76.54,76.54,84.33,59.41,79.68
74.83,74.83,85.14,66.45,75.76
74.67,74.67,85.99,60.60,75.72
71.11,71.11,88.31,62.04,72.05
70.89,70.89,89.85,59.05,72.26
70.31,70.31,85.70,57.27,75.55
71.63,71.63,84.98,59.26,77.48
67.11,67.11,90.62,59.48,70.56
69.24,69.24,83.76,54.73,73.53
70.06,70.06,87.03,60.33,71.05
71.19,71.19,90.94,64.80,69.51
73.07,73.07,82.56,66.78,70.31
70.98,70.98,89.48,61.52,69.74
67.98,67.98,90.26,59.77,77.63
64.89,64.89,91.98,56.62,68.44
66.33,66.33,92.43,56.41,66.76
64.70,64.70,92.32,52.17,62.42
64.71,64.71,91.63,48.91,64.27
64.31,64.31,91.48,48.63,66.21
64.57,64.57,91.47,55.08,66.72
70.87,70.87,89.65,55.73,68.02
76.45,76.45,81.55,50.62,78.47
75.92,75.92,82.73,56.75,73.82
74.41,74.41,88.72,65.13,74.34
71.16,71.16,85.42,55.73,75.62
62.98,62.98,88.57,55.41,74.62
50.37,50.37,90.17,58.94,71.11
55.48,55.48,86.33,58.34,76.66
51.07,51.07,81.51,57.54,74.52
49.01,49.01,90.22,59.06,69.32
55.11,55.11,85.29,54.02,72.33
57.73,57.73,89.08,57.82,70.45
51.33,51.33,91.73,66.16,65.98
55.89,55.89,86.28,64.89,72.16
51.34,51.34,90.30,64.41,70.14
60.60,60.60,89.64,60.91,78.48
56.52,56.52,92.64,59.27,72.35
53.26,53.26,91.85,52.11,68.03
55.70,55.70,92.73,46.55,64.25
53.77,53.77,91.64,41.12,65.88
53.15,53.15,92.08,47.39,66.40
55.44,55.44,93.19,55.81,64.88
57.48,57.48,90.51,55.85,71.47
64.63,64.63,81.12,54.49,80.61
65.82,65.82,81.85,56.68,79.44
60.96,60.96,86.29,66.83,75.94
56.68,56.68,85.18,58.14,75.15
55.04,55.04,88.86,56.26,73.35
55.80,55.80,90.40,59.90,74.29
55.28,55.28,86.27,58.50,75.44
56.74,56.74,81.93,59.33,80.16
52.95,52.95,90.29,59.44,72.58
51.59,51.59,87.69,54.63,74.92
45.04,45.04,88.72,58.61,71.57
47.56,47.56,90.78,64.08,69.93
51.74,51.74,88.63,66.72,72.26
46.38,46.38,87.66,64.56,67.81
47.91,47.91,90.28,60.31,77.69
38.41,38.41,91.72,58.11,72.56
38.23,38.23,90.72,55.96,69.16
41.41,41.41,92.05,48.87,67.60
34.58,34.58,92.11,46.25,65.14
39.02,39.02,90.85,47.41,67.77
37.91,37.91,92.75,56.31,65.36
34.41,34.41,91.39,64.84,71.54
34.72,34.72,84.60,60.41,81.59
37.10,37.10,83.79,58.30,82.34
39.57,39.57,87.19,62.87,78.22
38.89,38.89,86.29,57.69,76.33
41.74,41.74,88.11,57.83,74.81
44.52,44.52,86.83,57.73,76.89
44.56,44.56,87.77,58.97,76.02
43.26,43.26,81.33,62.33,77.47
38.33,38.33,88.41,62.04,72.84
34.88,34.88,87.65,56.12,75.27
30.11,30.11,89.69,54.89,69.22
33.46,33.46,89.60,62.70,72.10
38.63,38.63,86.94,66.29,72.13
39.50,39.50,88.08,62.85,70.99
42.73,42.73,90.08,60.34,75.23
38.65,38.65,90.64,55.70,71.58
33.17,33.17,90.97,53.72,69.28
29.22,29.22,90.04,44.67,67.10
35.27,35.27,92.02,36.97,64.28
40.81,40.81,91.57,39.57,66.94
40.73,40.73,90.09,48.96,68.58
39.97,39.97,90.22,57.46,67.97
39.08,39.08,86.02,59.42,76.56
42.43,42.43,82.67,53.35,80.82
39.78,39.78,84.64,67.16,78.78
46.59,46.59,85.64,67.07,79.05
48.43,48.43,87.25,59.95,75.46
44.88,44.88,86.89,62.56,74.31
43.47,43.47,87.99,61.48,75.37
45.89,45.89,81.21,60.68,79.51
33.25,33.25,88.06,62.24,74.25
22.14,22.14,87.71,58.86,71.65
20.54,20.54,89.84,50.91,68.11
27.12,27.12,88.50,66.39,68.46
32.53,32.53,86.89,69.31,76.25
29.31,29.31,86.25,69.88,71.46
24.28,24.28,88.67,62.65,75.05
13.28,13.28,89.07,55.60,74.71
11.71,11.71,90.43,52.80,69.56
15.32,15.32,89.98,49.39,65.82
15.56,15.56,90.65,42.02,64.56
20.72,20.72,89.59,39.78,66.38
23.83,23.83,90.47,48.05,67.80
24.48,24.48,90.98,57.41,63.45
32.84,32.84,85.02,59.41,72.79
39.01,39.01,83.15,58.17,78.24
34.95,34.95,83.82,66.30,81.00
41.15,41.15,84.09,66.91,79.66
44.64,44.64,85.25,57.33,77.80
44.59,44.59,85.29,52.43,78.49
41.38,41.38,85.99,51.60,77.59
44.24,44.24,80.41,51.33,84.64
43.22,43.22,83.87,55.87,78.70
43.09,43.09,85.99,52.28,76.96
42.53,42.53,85.01,52.85,77.53
45.36,45.36,87.08,56.42,75.15
43.89,43.89,85.25,58.15,74.67
36.23,36.23,84.03,56.62,77.45
25.65,25.65,87.18,54.31,74.81
16.42,16.42,87.81,45.76,74.94
9.79,9.79,89.28,31.73,70.93
12.26,12.26,88.66,26.17,67.53
6.99,6.99,89.56,28.79,66.37
11.19,11.19,88.99,38.15,64.55
11.87,11.87,89.86,45.70,65.11
12.92,12.92,88.86,53.46,65.26
17.04,17.04,84.87,52.68,70.67
13.38,13.38,83.96,50.31,78.07
12.40,12.40,85.39,56.73,75.29
18.45,18.45,86.53,58.32,71.40
21.64,21.64,86.16,49.60,73.19
21.32,21.32,85.95,47.10,70.55
15.44,15.44,87.72,45.30,69.36
18.92,18.92,80.56,45.97,77.91
13.78,13.78,84.79,45.57,74.12
9.27,9.27,87.26,47.74,70.55
9.05,9.05,86.98,52.02,71.68
5.69,5.69,85.44,56.00,70.77
7.26,7.26,86.95,53.87,71.37
11.87,11.87,84.62,48.87,74.85
7.56,7.56,88.71,46.15,67.96
8.38,8.38,86.61,38.20,72.34
9.51,9.51,86.44,36.11,67.48
9.12,9.12,86.79,43.85,67.75
11.11,11.11,87.11,39.92,68.70
8.24,8.24,87.63,32.87,69.89
10.24,10.24,84.35,26.84,73.64
9.93,9.93,83.86,25.89,72.25
5.00,5.00,84.86,25.99,66.93
7.46,7.46,85.23,20.87,71.76
7.30,7.30,83.99,5.76,72.97
6.12,6.12,86.27,1.73,66.22
8.63,8.63,85.23,-0.00,70.32
6.33,6.33,86.29,-0.00,71.58
6.38,6.38,84.63,0.64,69.91
10.63,10.63,83.80,1.07,70.17
9.11,9.11,86.70,-0.00,65.61
11.43,11.43,86.84,-0.00,66.81
8.10,8.10,85.29,-0.00,69.08
8.36,8.36,85.89,-0.00,69.51
6.70,6.70,85.27,-0.00,68.66
4.68,4.68,83.99,-0.00,69.97
5.89,5.89,84.47,-0.00,70.58
7.46,7.46,83.39,-0.00,72.38
10.84,10.84,80.28,-0.00,74.93
7.51,7.51,82.91,-0.00,71.98
4.52,4.52,80.71,-0.00,76.65
4.38,4.38,82.45,-0.00,67.39
4.83,4.83,81.97,-0.00,70.10
4.71,4.71,81.75,-0.00,65.77
6.43,6.43,81.81,-0.00,66.77
8.48,8.48,78.61,-0.00,74.58
7.93,7.93,79.23,-0.00,71.91
8.26,8.26,74.59,-0.00,73.83
9.79,9.79,75.54,-0.00,72.33
8.48,8.48,76.79,-0.00,71.78
8.81,8.81,76.12,-0.00,72.69
10.56,10.56,73.15,-0.00,70.73
11.97,11.97,75.34,-0.00,68.74
10.04,10.04,74.41,-0.00,71.61
8.18,8.18,75.77,-0.00,64.17
12.45,12.45,73.12,-0.00,69.86
11.50,11.50,70.45,-0.00,70.72
11.95,11.95,72.06,-0.00,67.96
9.41,9.41,70.10,-0.00,68.88
16.63,16.63,70.34,0.00,68.76
21.83,21.83,67.18,-0.00,70.29
23.02,23.02,64.29,2.34,70.02
14.98,14.98,65.69,3.20,70.58
10.72,10.72,64.63,4.95,69.49
5.60,5.60,64.16,9.53,69.06
11.26,11.26,67.34,19.70,66.58
13.16,13.16,65.72,21.98,65.37
8.27,8.27,60.72,16.06,68.77
9.94,9.94,59.76,15.45,68.53
11.69,11.69,60.05,16.40,68.19
11.79,11.79,63.15,18.43,65.81
6.17,6.17,59.80,16.42,65.04
9.52,9.52,58.75,22.42,63.92
10.55,10.55,60.10,26.77,63.43
17.97,17.97,59.80,24.03,63.03
21.61,21.61,63.59,21.41,59.24
27.10,27.10,56.37,27.64,61.59
30.01,30.01,55.26,31.96,62.52
31.20,31.20,52.12,27.26,62.98
33.71,33.71,52.76,24.62,63.63
28.23,28.23,50.63,25.17,60.09
31.62,31.62,50.65,30.22,59.22
31.84,31.84,49.35,25.97,57.96
32.61,32.61,49.31,29.76,58.73
31.09,31.09,51.95,40.50,57.24
32.37,32.37,50.45,38.26,57.81
35.79,35.79,50.31,41.51,57.99
38.27,38.27,49.79,44.48,53.00
38.57,38.57,52.31,44.06,53.80
40.07,40.07,52.26,43.70,53.05
39.20,39.20,47.76,42.53,55.67
40.72,40.72,51.83,44.75,49.84
41.68,41.68,52.89,44.77,49.95
40.47,40.47,54.49,48.73,45.89
40.88,40.88,51.95,43.18,47.72
40.81,40.81,49.36,42.46,48.36
37.45,37.45,56.41,46.28,47.69
38.06,38.06,50.73,43.38,47.34
39.14,39.14,54.28,47.05,47.34
41.78,41.78,52.42,43.57,46.56
41.23,41.23,47.40,42.73,49.52
41.06,41.06,50.70,43.25,39.71
42.55,42.55,46.52,41.14,43.87
42.83,42.83,49.70,43.56,39.23
45.80,45.80,54.97,45.99,38.44
45.34,45.34,54.35,44.81,37.49
46.36,46.36,51.74,44.31,39.69
41.91,41.91,52.41,45.36,34.54
37.59,37.59,44.80,41.85,36.24
39.82,39.82,42.87,37.58,35.06
38.34,38.34,47.78,40.82,35.78
41.47,41.47,41.79,41.51,37.21
45.81,45.81,49.08,42.52,34.56
45.00,45.00,46.82,42.29,34.75
48.53,48.53,45.23,39.38,34.75
66.65,66.65,45.51,40.23,44.41
78.65,78.65,45.34,40.94,48.69
78.38,78.38,40.21,24.71,43.95
78.06,78.06,43.03,32.73,41.49
78.07,78.07,43.72,33.60,43.18
78.60,78.60,43.17,32.86,44.02
76.18,76.18,44.66,35.86,47.66
75.57,75.57,44.92,35.50,45.68
75.17,75.17,41.73,32.45,44.48
75.03,75.03,42.21,36.28,46.54
73.37,73.37,41.41,32.30,46.61
82.12,82.12,37.80,30.94,41.15
80.71,80.71,36.23,29.12,43.78
80.12,80.12,39.08,31.12,47.82
80.72,80.72,32.83,22.09,47.62
79.43,79.43,35.47,29.81,41.67
79.77,79.77,33.28,26.53,41.52
79.12,79.12,38.08,29.37,37.22
65.59,65.59,34.04,32.54,34.28
64.82,64.82,34.44,29.56,31.95
68.04,68.04,39.63,30.13,34.64
63.63,63.63,42.42,34.17,43.07
69.06,69.06,56.28,36.81,51.65
65.56,65.56,41.93,37.25,39.67
74.11,74.11,41.49,37.51,34.74
78.48,78.48,39.44,34.56,32.24
76.34,76.34,37.63,29.59,36.10
78.69,78.69,37.85,31.24,37.36
79.96,79.96,36.57,35.67,36.07
80.18,80.18,35.12,36.74,41.97
79.68,79.68,36.12,30.86,45.05
79.98,79.98,33.90,28.83,54.34
81.33,81.33,32.06,23.71,52.39
81.38,81.38,33.87,27.21,50.24
80.95,80.95,35.12,23.78,52.33
81.00,81.00,35.68,26.59,49.85
80.52,80.52,37.22,25.51,48.12
80.05,80.05,37.42,27.31,47.39
79.35,79.35,36.55,28.47,47.77
78.43,78.43,35.67,28.28,45.83
79.14,79.14,34.61,26.64,45.44
79.34,79.34,34.58,29.78,41.68
78.78,78.78,34.64,30.39,40.96
78.86,78.86,31.30,24.58,37.53
79.39,79.39,33.95,27.47,40.11
76.87,76.87,31.99,28.83,36.58
74.21,74.21,35.53,29.51,35.57
74.77,74.77,30.37,28.50,29.09
75.93,75.93,32.04,27.76,29.20
73.06,73.06,33.20,28.01,28.49
69.92,69.92,33.15,30.54,29.43
65.22,65.22,36.13,30.76,26.72
65.38,65.38,37.23,30.02,24.58
64.23,64.23,36.00,26.39,25.39
61.53,61.53,33.65,26.92,24.79
63.80,63.80,33.10,25.99,24.17
60.34,60.34,32.48,25.68,19.09
63.24,63.24,32.43,20.13,20.97
77.84,77.84,37.55,26.05,27.44
79.39,79.39,36.12,23.50,26.79
78.94,78.94,34.43,22.56,26.17
78.79,78.79,33.55,22.59,24.16
78.00,78.00,35.55,21.61,20.42
75.43,75.43,34.08,19.76,12.17
66.29,66.29,34.18,23.55,13.24
64.40,64.40,39.05,23.79,11.38
67.31,67.31,41.68,23.76,13.52
67.45,67.45,42.20,22.03,16.73
67.81,67.81,37.74,24.49,14.66
68.81,68.81,37.63,21.13,11.98
66.88,66.88,40.37,26.07,14.56
64.27,64.27,37.42,24.34,21.19
60.70,60.70,29.32,22.26,31.45
79.05,79.05,35.50,32.34,45.38
79.78,79.78,34.24,14.66,36.29
79.88,79.88,36.02,14.91,39.07
79.68,79.68,36.07,11.95,37.38
80.33,80.33,36.02,19.15,37.03
80.34,80.34,35.64,19.31,34.71
80.20,80.20,38.00,24.51,37.38
80.48,80.48,36.71,21.41,33.93
80.63,80.63,38.24,17.97,34.35
81.19,81.19,36.16,13.53,32.40
80.79,80.79,32.70,11.88,31.88
79.63,79.63,33.00,11.49,32.69
80.43,80.43,32.02,16.00,31.55
79.93,79.93,29.19,13.32,29.62
79.92,79.92,31.94,13.83,32.07
78.62,78.62,32.29,15.63,28.79
78.96,78.96,32.90,11.25,30.20
78.48,78.48,32.14,9.02,30.67
78.34,78.34,32.27,16.01,30.18
77.36,77.36,32.62,8.94,29.04
77.22,77.22,32.49,12.21,27.26
76.26,76.26,31.78,12.87,26.36
76.69,76.69,29.94,13.53,27.00
76.59,76.59,31.42,18.60,27.26
75.67,75.67,30.70,17.90,28.33
76.25,76.25,30.77,14.87,25.49
77.23,77.23,33.02,22.13,24.75
76.68,76.68,32.92,14.63,27.15
75.04,75.04,34.11,13.92,25.49
77.22,77.22,33.90,14.89,24.24
76.79,76.79,35.06,17.63,26.09
76.81,76.81,34.42,21.09,29.52
76.88,76.88,34.89,16.07,27.72
75.91,75.91,33.50,19.35,28.87
75.87,75.87,34.63,22.17,31.90
74.89,74.89,36.06,21.93,32.91
74.35,74.35,34.15,24.92,37.42
73.18,73.18,32.00,24.37,38.51
70.19,70.19,30.94,22.30,41.45
66.15,66.15,30.11,18.31,40.02
63.33,63.33,31.12,22.65,34.31
60.88,60.88,28.76,15.03,24.33
62.85,62.85,30.38,16.82,23.37
57.74,57.74,31.91,20.35,19.58
62.50,62.50,35.64,21.31,21.71
64.34,64.34,37.87,20.73,22.19
61.34,61.34,35.57,19.53,18.77
59.15,59.15,31.94,16.83,17.25
58.95,58.95,29.55,18.67,17.33
59.22,59.22,28.76,13.97,16.74
60.10,60.10,29.34,12.33,16.08
61.40,61.40,30.94,17.19,17.31
54.73,54.73,32.53,15.07,17.14
55.55,55.55,32.91,18.16,23.47
51.27,51.27,32.66,23.63,22.51
53.83,53.83,32.54,24.62,22.74
56.40,56.40,33.79,23.05,20.71
57.28,57.28,33.88,24.29,18.98
46.74,46.74,33.83,26.62,23.56
43.67,43.67,33.67,19.12,21.20
49.91,49.91,34.08,30.11,28.92
47.63,47.63,33.61,25.39,29.12
49.46,49.46,32.62,26.43,30.05
50.26,50.26,32.44,31.74,34.43
47.80,47.80,32.31,31.81,34.97
49.56,49.56,33.13,29.68,33.19
51.44,51.44,33.43,30.04,33.43
52.59,52.59,33.98,34.51,37.59
49.83,49.83,34.02,32.69,38.46
46.28,46.28,32.67,31.09,37.45
48.27,48.27,31.68,34.89,38.54
46.64,46.64,33.10,29.97,34.38
45.08,45.08,33.87,30.79,34.62
43.39,43.39,36.44,33.17,39.33
42.92,42.92,36.77,37.39,42.21
39.06,39.06,35.01,31.31,38.88
35.31,35.31,30.90,25.89,32.10
40.39,40.39,28.94,25.22,29.53
35.09,35.09,30.86,27.83,32.25
37.22,37.22,31.83,25.31,33.66
39.62,39.62,33.23,29.04,35.56
33.27,33.27,31.55,28.92,34.41
33.44,33.44,28.48,18.76,25.76
29.40,29.40,28.44,23.78,27.00
30.56,30.56,29.01,25.64,29.29
32.54,32.54,29.74,20.37,25.86
37.88,37.88,30.46,26.33,30.63
35.95,35.95,29.93,25.48,30.22
33.19,33.19,28.65,21.32,30.03
29.55,29.55,26.37,23.02,28.67
30.86,30.86,23.65,20.19,25.27
31.94,31.94,25.65,23.41,24.23
29.86,29.86,25.53,25.15,25.87
31.21,31.21,26.05,25.67,28.30
32.16,32.16,25.52,25.16,26.34
28.18,28.18,20.63,22.44,19.32
28.31,28.31,24.45,26.67,26.82
27.65,27.65,24.48,23.98,23.35
23.71,23.71,24.45,21.80,23.25
23.15,23.15,25.31,19.40,27.26
22.78,22.78,22.13,20.91,22.35
18.92,18.92,18.71,20.89,16.70
22.35,22.35,19.73,22.91,21.91
18.94,18.94,19.48,17.03,19.67
19.26,19.26,17.03,14.25,20.63
19.86,19.86,19.27,21.34,21.06
16.80,16.80,21.57,19.97,18.80
17.65,17.65,21.59,19.63,22.41
19.03,19.03,22.92,16.73,23.77
20.22,20.22,22.37,20.43,21.60
23.49,23.49,23.72,23.18,23.97
17.91,17.91,19.88,21.17,19.66
18.10,18.10,20.89,16.54,23.38
14.55,14.55,23.66,18.96,25.05
16.09,16.09,21.71,14.93,22.59
15.43,15.43,19.69,15.73,17.17
14.33,14.33,19.14,15.70,16.39
14.75,14.75,20.94,17.54,21.81
13.83,13.83,18.89,13.63,21.49
13.31,13.31,15.81,12.52,17.93
13.46,13.46,15.13,7.14,15.57
14.82,14.82,14.15,9.56,11.97
12.58,12.58,14.07,9.18,11.88
13.84,13.84,13.80,4.95,12.63
11.61,11.61,12.39,9.41,14.03
11.27,11.27,10.46,8.15,13.58
10.84,10.84,10.56,2.70,7.73
9.53,9.53,10.73,0.67,5.82
10.12,10.12,12.48,4.28,8.74
12.53,12.53,15.58,4.99,12.11
13.75,13.75,15.52,8.76,13.06
9.05,9.05,12.06,4.59,9.17
8.25,8.25,7.65,6.12,8.02
5.86,5.86,7.10,1.15,4.98
8.54,8.54,11.65,8.04,9.63
7.59,7.59,10.16,6.50,5.48
7.11,7.11,7.67,6.42,4.43
8.29,8.29,6.22,5.85,2.68
3.87,3.87,4.42,3.73,1.72
5.48,5.48,9.42,4.14,7.34
6.27,6.27,10.76,6.50,7.47
3.09,3.09,7.47,3.43,1.61
1.36,1.36,4.86,1.51,1.03
1.29,1.29,3.09,1.37,1.23
0.01,0.01,1.51,0.11,0.35
0.49,0.49,3.96,0.85,1.09
2.54,2.54,5.22,2.26,2.85
0.68,0.68,2.46,0.19,0.74
0.56,0.56,3.24,0.22,1.33
0.91,0.91,6.03,1.77,2.41
0.54,0.54,5.87,1.98,1.54
0.50,0.50,5.18,0.97,1.51
0.76,0.76,4.19,1.09,0.89
1.82,1.82,4.87,2.09,1.03
1.03,1.03,3.20,1.41,0.26
0.47,0.47,3.07,0.75,0.26
0.31,0.31,5.86,1.69,2.11
0.17,0.17,5.49,0.65,1.73
0.01,0.01,2.66,0.10,0.12
0.07,0.07,2.17,0.18,0.01
-0.00,-0.00,1.52,-0.00,-0.00
-0.00,-0.00,1.50,-0.00,-0.00
-0.00,-0.00,1.21,-0.00,-0.00
-0.00,-0.00,1.58,-0.00,-0.00
-0.00,-0.00,1.31,-0.00,-0.00
-0.00,-0.00,1.10,-0.00,-0.00
-0.00,-0.00,1.10,-0.00,-0.00
-0.00,-0.00,1.10,-0.00,-0.00
-0.00,-0.00,1.10,-0.00,-0.00
-0.00,-0.00,1.10,-0.00,-0.00
-0.00,-0.00,1.10,-0.00,-0.00
-0.00,-0.00,1.10,-0.00,-0.00
-0.00,-0.00,1.10,-0.00,-0.00
-0.00,-0.00,1.10,-0.00,-0.00
-0.00,-0.00,1.10,-0.00,-0.00
-0.00,-0.00,1.10,-0.00,-0.00
-0.00,-0.00,1.10,-0.00,-0.00
-0.00,-0.00,1.10,-0.00,-0.00
-0.00,-0.00,1.10,-0.00,-0.00
-0.00,-0.00,1.10,-0.00,-0.00
-0.00,-0.00,1.10,-0.00,-0.00
-0.00,-0.00,1.10,-0.00,-0.00
